-- phpMyAdmin SQL Dump
-- version 5.2.1
-- https://www.phpmyadmin.net/
--
-- Hôte : 127.0.0.1
-- Généré le : dim. 31 août 2025 à 08:20
-- Version du serveur : 10.4.32-MariaDB
-- Version de PHP : 8.2.12

SET SQL_MODE = "NO_AUTO_VALUE_ON_ZERO";
START TRANSACTION;
SET time_zone = "+00:00";


/*!40101 SET @OLD_CHARACTER_SET_CLIENT=@@CHARACTER_SET_CLIENT */;
/*!40101 SET @OLD_CHARACTER_SET_RESULTS=@@CHARACTER_SET_RESULTS */;
/*!40101 SET @OLD_COLLATION_CONNECTION=@@COLLATION_CONNECTION */;
/*!40101 SET NAMES utf8mb4 */;

--
-- Base de données : `bulletin_system`
--

-- --------------------------------------------------------

--
-- Structure de la table `bulletins`
--

CREATE TABLE `bulletins` (
  `id` int(11) NOT NULL,
  `id_eleve` int(11) DEFAULT NULL,
  `trimestre` int(11) DEFAULT NULL,
  `moyenne` float DEFAULT NULL,
  `mention` varchar(100) DEFAULT NULL,
  `appreciation` text DEFAULT NULL
) ENGINE=InnoDB DEFAULT CHARSET=utf8mb4 COLLATE=utf8mb4_general_ci;

-- --------------------------------------------------------

--
-- Structure de la table `classes`
--

CREATE TABLE `classes` (
  `id` int(11) NOT NULL,
  `nom` varchar(50) NOT NULL,
  `niveau` int(11) DEFAULT NULL
) ENGINE=InnoDB DEFAULT CHARSET=utf8mb4 COLLATE=utf8mb4_general_ci;

--
-- Déchargement des données de la table `classes`
--

INSERT INTO `classes` (`id`, `nom`, `niveau`) VALUES
(1, 'Petite Section', NULL),
(2, 'Moyenne Section', NULL),
(3, 'Grande Section', NULL),
(4, 'CP', NULL),
(5, 'CE1', NULL),
(6, 'CE2', NULL),
(7, 'CM1', NULL),
(8, 'CM2', NULL),
(9, '6e', NULL),
(10, '5e', NULL),
(11, '4e', NULL),
(12, '3e', NULL),
(13, '2nde', NULL),
(14, '1ère', NULL),
(15, 'Terminale', NULL);

-- --------------------------------------------------------

--
-- Structure de la table `classe_matieres`
--

CREATE TABLE `classe_matieres` (
  `id_classe` int(11) NOT NULL,
  `id_matiere` int(11) NOT NULL,
  `coefficient` float NOT NULL DEFAULT 1
) ENGINE=InnoDB DEFAULT CHARSET=utf8mb4 COLLATE=utf8mb4_general_ci;

--
-- Déchargement des données de la table `classe_matieres`
--

INSERT INTO `classe_matieres` (`id_classe`, `id_matiere`, `coefficient`) VALUES
(1, 1, 2),
(1, 2, 3),
(1, 3, 2),
(1, 4, 6),
(1, 5, 1),
(1, 6, 2),
(1, 7, 3),
(1, 8, 2),
(1, 43, 3),
(2, 2, 6),
(2, 3, 5),
(2, 4, 3),
(2, 14, 6),
(2, 15, 2),
(2, 19, 2),
(4, 9, 2),
(4, 10, 6),
(4, 14, 3),
(4, 15, 3),
(4, 18, 2),
(5, 9, 1),
(5, 10, 1),
(5, 12, 1),
(5, 14, 1),
(5, 15, 1),
(5, 18, 1),
(6, 9, 1),
(6, 10, 1),
(6, 18, 1),
(9, 9, 1),
(9, 10, 1),
(9, 12, 1),
(9, 18, 1),
(9, 20, 1),
(13, 9, 1),
(13, 10, 1),
(13, 18, 1),
(13, 20, 1),
(13, 31, 1),
(14, 9, 3),
(14, 10, 3),
(14, 18, 1),
(14, 20, 2),
(14, 28, 6),
(14, 31, 3),
(14, 32, 2),
(14, 40, 2),
(14, 43, 2),
(15, 9, 6),
(15, 10, 5),
(15, 13, 1),
(15, 18, 2),
(15, 20, 5),
(15, 31, 5),
(15, 32, 4),
(15, 34, 1),
(15, 43, 2),
(15, 46, 1);

-- --------------------------------------------------------

--
-- Structure de la table `depenses`
--

CREATE TABLE `depenses` (
  `id` int(11) NOT NULL,
  `type_id` int(11) DEFAULT NULL,
  `personne_id` varchar(20) DEFAULT NULL,
  `type_personne` varchar(20) DEFAULT NULL,
  `mois` varchar(20) DEFAULT NULL,
  `annee_scolaire` varchar(20) DEFAULT NULL,
  `montant` decimal(10,2) DEFAULT NULL,
  `description` text DEFAULT NULL,
  `mode_paiement` text DEFAULT NULL,
  `statut` text DEFAULT NULL,
  `categorie` varchar(255) NOT NULL,
  `date_enregistrement` timestamp NOT NULL DEFAULT current_timestamp()
) ENGINE=InnoDB DEFAULT CHARSET=utf8mb4 COLLATE=utf8mb4_general_ci;

--
-- Déchargement des données de la table `depenses`
--

INSERT INTO `depenses` (`id`, `type_id`, `personne_id`, `type_personne`, `mois`, `annee_scolaire`, `montant`, `description`, `mode_paiement`, `statut`, `categorie`, `date_enregistrement`) VALUES
(15, 0, 'Edward RICHARD', 'Enseignants', 'Janvier', '2025-2026', 150000.00, 'Paiement salariale', 'Espèce', 'complet', 'Payement Salaire', '2025-08-13 10:39:27'),
(16, 0, '67', 'Enseignants', 'Mars', '2025-2026', 350000.00, 'Paiement salariale mois de Mars', 'Espèce', 'complet', 'Payement Salaire', '2025-08-14 08:17:18'),
(17, 0, '64', 'Staff', 'Février', '2025-2026', 150000.00, 'Paiement salariale', 'Espèce', 'complet', 'Payement Salaire', '2025-08-14 08:25:33'),
(18, 0, '2', 'Staff', 'Février', '2025-2026', 400000.00, 'Paiement salariale', 'Virement', 'complet', 'Payement Salaire', '2025-08-30 06:59:03'),
(19, 0, '3', 'Staff', 'Janvier', '2025-2026', 400000.00, 'Paiement salariale', 'Espèce', 'complet', 'Payement Salaire', '2025-08-30 07:00:19'),
(20, 0, '3', 'Staff', 'Janvier', '2025-2026', 400000.00, 'Paiement salariale', 'Espèce', 'complet', 'Payement Salaire', '2025-08-30 07:00:49');

-- --------------------------------------------------------

--
-- Structure de la table `dossiers`
--

CREATE TABLE `dossiers` (
  `id` int(11) NOT NULL,
  `annee_scolaire` varchar(20) DEFAULT NULL,
  `mois` varchar(20) DEFAULT NULL,
  `type_dossier` enum('eleve','enseignant') DEFAULT NULL,
  `personne_id` int(11) DEFAULT NULL,
  `anarana` text DEFAULT NULL,
  `description` text DEFAULT NULL,
  `fichier` varchar(255) DEFAULT NULL,
  `date_upload` timestamp NOT NULL DEFAULT current_timestamp()
) ENGINE=InnoDB DEFAULT CHARSET=utf8mb4 COLLATE=utf8mb4_general_ci;

--
-- Déchargement des données de la table `dossiers`
--

INSERT INTO `dossiers` (`id`, `annee_scolaire`, `mois`, `type_dossier`, `personne_id`, `anarana`, `description`, `fichier`, `date_upload`) VALUES
(5, '2025', '2025-08', 'eleve', NULL, 'RAKOTO', 'Fianarana', 'étape mixage audio.docx', '2025-08-11 19:35:20'),
(6, '2025', '2025-08', 'enseignant', NULL, 'RAFALIHERY Todisoa Narovana', 'Documents pédagogiques', 'révision multimédia avec réponse globlae.docx', '2025-08-11 19:37:19'),
(7, '2025', '2025-08', 'eleve', NULL, 'RAKOTO Mifaly', 'Entana', 'Revision_Multimedia_Cinema_Tojo.pdf', '2025-08-11 19:39:59'),
(8, '2025', '2025-08', 'eleve', NULL, 'RAFALIHERY Todisoa Narovana', 'Document', 'révision multimédia.docx', '2025-08-11 19:47:54'),
(9, '2025', '2025-08', 'eleve', NULL, 'RAFALIHERY Todisoa Narovana', 'Document', 'révision multimédia.docx', '2025-08-11 19:52:41'),
(10, '2025', '2025-08', 'eleve', NULL, 'RAFALIHERY Todisoa Narovana', 'Document', 'révision multimédia.docx', '2025-08-11 19:53:25'),
(11, '2025', '2025-08', 'eleve', NULL, 'RAFALIHERY Todisoa Narovana', 'Document', 'révision multimédia.docx', '2025-08-11 19:55:03'),
(12, '2025', '2025-08', 'enseignant', NULL, 'RAKOTO', 'Fitia', 'révision multimédia avec réponse globlae.docx', '2025-08-11 19:57:37'),
(13, '2025', '2025-08', 'eleve', NULL, 'ROJO Fillipe', 'Document pédagogique', 'NOVASKOL_Fiche_Presentation.docx', '2025-08-14 04:04:53');

-- --------------------------------------------------------

--
-- Structure de la table `ecole`
--

CREATE TABLE `ecole` (
  `id` int(11) NOT NULL,
  `nom` varchar(255) DEFAULT NULL,
  `logo` varchar(255) DEFAULT NULL
) ENGINE=InnoDB DEFAULT CHARSET=utf8mb4 COLLATE=utf8mb4_general_ci;

--
-- Déchargement des données de la table `ecole`
--

INSERT INTO `ecole` (`id`, `nom`, `logo`) VALUES
(78, 'Novaskol', 'logo_1756482868.png'),
(1, 'Novaskol.mg éveil de la conscience', 'logo_1754944338.png');

-- --------------------------------------------------------

--
-- Structure de la table `eleves`
--

CREATE TABLE `eleves` (
  `id` int(11) NOT NULL,
  `nom` varchar(100) NOT NULL,
  `prenom` varchar(100) NOT NULL,
  `date_naissance` date DEFAULT NULL,
  `parent` varchar(100) NOT NULL,
  `telephone` varchar(20) DEFAULT NULL,
  `id_classe` int(11) DEFAULT NULL,
  `photo` varchar(255) DEFAULT NULL,
  `annee_scolaire` varchar(10) DEFAULT NULL
) ENGINE=InnoDB DEFAULT CHARSET=utf8mb4 COLLATE=utf8mb4_general_ci;

--
-- Déchargement des données de la table `eleves`
--

INSERT INTO `eleves` (`id`, `nom`, `prenom`, `date_naissance`, `parent`, `telephone`, `id_classe`, `photo`, `annee_scolaire`) VALUES
(66, 'MILLIONAIRE', 'Autorute', NULL, '', NULL, 14, 'Uploads/1754971724_1753117426_3.jpg', '2028-2029'),
(67, 'RANTY', 'Landry', NULL, '', NULL, 1, 'uploads/1753116466_8.jpg', '2025-2026'),
(68, 'RANTY', 'Lova', NULL, '', NULL, 1, 'uploads/1753116497_11.jpg', '2025-2026'),
(69, 'RANTY', 'Rajo', NULL, '', NULL, 1, 'uploads/1753116318_1.jpg', '2025-2026'),
(70, 'RANTY', 'Toavina', NULL, '', NULL, 1, 'uploads/1753093963_ben-mullins-je240KkJIuA-unsplash.jpg', '2025-2026'),
(71, 'RANTY', 'Kanto', NULL, '', NULL, 1, 'uploads/1753116347_2.jpg', '2025-2026'),
(72, 'RANTY', 'Nambinina', NULL, '', NULL, 1, 'uploads/1753116361_3.jpg', '2025-2026'),
(73, 'RANTY', 'Elia', NULL, '', NULL, 1, 'uploads/1753116398_5.jpg', '2025-2026'),
(74, 'RANTY', 'Elio', NULL, '', NULL, 1, 'uploads/1753116449_7.jpg', '2025-2026'),
(75, 'RANTY', 'Fitia', NULL, '', NULL, 1, 'uploads/1753116482_9.jpg', '2025-2026'),
(76, 'RANDRIA', 'Erick', NULL, '', NULL, 2, 'uploads/1753117550_content-creator.jpg', '2025-2026'),
(77, 'RAHERY', 'Nantenaina', NULL, '', NULL, 2, 'uploads/1753117530_7.jpg', '2025-2026'),
(78, 'EDOUANE', 'Narovana', NULL, '', NULL, 2, 'uploads/1753117465_3.jpg', '2025-2026'),
(79, 'ARIFIDY', 'Franck', NULL, '', NULL, 2, 'uploads/1753117403_5.jpg', '2025-2026'),
(80, 'ARIANE', 'Finiavana', NULL, '', NULL, 2, 'Uploads/1754855834_1753787640_DSC_5225.jpg', '2025-2026'),
(81, 'ANJOUANE', 'Frederick', NULL, '', NULL, 2, 'uploads/1753117372_about-img-1.jpg', '2025-2026'),
(82, 'DIARY', 'Edward', NULL, '', NULL, 2, 'uploads/1753117426_3.jpg', '2025-2026'),
(83, 'ROJO', 'Fillipe', NULL, '', NULL, 2, 'uploads/1753117316_10.jpg', '2025-2026'),
(84, 'FONTAINE', 'Florat', NULL, '', NULL, 2, 'uploads/1753117500_9.jpg', '2025-2026'),
(86, 'HERINIAINA', 'Fy', '1998-03-06', '', NULL, 4, 'uploads/1754112486_IMG_20250714_143720_792.jpg', '2025-2026'),
(88, 'RENIANH', 'Abraham', NULL, '', NULL, 4, 'uploads/default.jpg', '2025-2026'),
(89, 'RENIANH', 'Edward', NULL, '', NULL, 4, 'uploads/default.jpg', '2025-2026'),
(90, 'RENIANH', 'Arian', NULL, '', NULL, 4, 'uploads/default.jpg', '2025-2026'),
(91, 'RENIANH', 'Erickah', NULL, '', NULL, 4, 'uploads/default.jpg', '2025-2026'),
(92, 'RENIANH', 'Douaniah', NULL, '', NULL, 4, 'uploads/default.jpg', '2025-2026'),
(93, 'RENIANH', 'Didiah', NULL, '', NULL, 4, 'uploads/default.jpg', '2025-2026'),
(94, 'RENIANH', 'Edyy', NULL, '', NULL, 4, 'uploads/default.jpg', '2025-2026'),
(95, 'RENIANH', 'Elouh', NULL, '', NULL, 4, 'uploads/default.jpg', '2025-2026'),
(96, 'RENIANH', 'Nathoun', NULL, '', NULL, 4, 'uploads/default.jpg', '2025-2026'),
(97, 'RENIANH', 'Abraham', NULL, '', NULL, 1, 'uploads/default.jpg', '2025-2026'),
(98, 'RENIANH', 'Edward', NULL, '', NULL, 1, 'uploads/default.jpg', '2025-2026'),
(99, 'RENIANH', 'Arian', NULL, '', NULL, 1, 'uploads/default.jpg', '2025-2026'),
(100, 'RENIANH', 'Erickah', NULL, '', NULL, 1, 'uploads/default.jpg', '2025-2026'),
(101, 'RENIANH', 'Douaniah', NULL, '', NULL, 1, 'uploads/default.jpg', '2025-2026'),
(102, 'RENIANH', 'Didiah', NULL, '', NULL, 1, 'Uploads/1754548480_DSC_5203.jpg', '2025-2026'),
(103, 'RENIANH', 'Edyy', NULL, '', NULL, 1, 'uploads/default.jpg', '2025-2026'),
(104, 'RENIANH', 'Elouh', NULL, '', NULL, 1, 'uploads/default.jpg', '2025-2026'),
(105, 'RENIANH', 'Nathoun', NULL, '', NULL, 1, 'uploads/default.jpg', '2025-2026'),
(106, 'HERICK', 'Faly', NULL, '', NULL, 4, 'Uploads/1754547740_cdc-GDokEYnOfnE-unsplash.jpg', '2025-2026'),
(108, 'RAVOLOLOARIMANANA', 'Nantenaina', NULL, '', NULL, 14, 'Uploads/1754628328_accueil.jpg', '2026-2027'),
(109, 'ELIFA', 'Faniry', NULL, '', NULL, 14, 'uploads/default.jpg', '2026-2027'),
(110, 'ELIFA', 'Dony', NULL, '', NULL, 14, 'uploads/default.jpg', '2026-2027'),
(111, 'ELIFA', 'Danih', NULL, '', NULL, 14, 'uploads/default.jpg', '2026-2027'),
(112, 'ELIFA', 'Edy', NULL, '', NULL, 14, 'uploads/default.jpg', '2026-2027'),
(113, 'ELIFA', 'Floria', NULL, '', NULL, 14, 'uploads/default.jpg', '2026-2027'),
(114, 'ELIFA', 'Vony', NULL, '', NULL, 14, 'uploads/default.jpg', '2026-2027'),
(115, 'ELIFA', 'Vaniah', NULL, '', NULL, 14, 'uploads/default.jpg', '2026-2027'),
(116, 'ELIFA', 'Shania', NULL, '', NULL, 14, 'uploads/default.jpg', '2026-2027'),
(117, 'ELIFA', 'Océane', NULL, '', NULL, 14, 'uploads/default.jpg', '2026-2027'),
(120, 'ANDRI', 'Rojo', NULL, '', NULL, 10, 'Uploads/1754855779_1753117530_7.jpg', '2027-2028'),
(122, 'ANDRI', 'Finiavana', NULL, '', NULL, 10, 'Uploads/1754855851_1753117316_10.jpg', '2027-2028'),
(123, 'ANDRI', 'Rantsy', NULL, '', NULL, 10, 'Uploads/1754855917_1753116374_4.jpg', '2027-2028'),
(128, 'ANDRIAMIFALY', 'Fidy', '2005-02-11', '', NULL, 10, 'Uploads/1754837000_DSC_5179.jpg', '2027-2028'),
(129, 'ANDRIAMIHAJA', 'Marthe', '2006-02-02', '', NULL, 10, 'Uploads/1754855873_1753117550_content-creator.jpg', '2027-2028'),
(130, 'ANDRIMITENY', 'Mariethe', '2007-01-11', '', NULL, 10, 'Uploads/1754855900_1753116466_8.jpg', '2027-2028'),
(131, 'ANDRI', 'Elio', '2006-02-11', 'RAFALIHELY Heriniaina', '0331222545', 10, 'Uploads/1754855943_prof_6895d2960626a.jpg', '2027-2028'),
(132, 'ANDRI', 'Jade', '2005-03-15', '', NULL, 10, 'Uploads/1756375536_6.jpg', '2027-2028'),
(133, 'RAVOLOLOARIMANANA', 'Tafitasoa Nankatoavina', NULL, '', NULL, 15, 'Uploads/1755108668_DSC_5179.jpg', '2025-2026'),
(136, 'FRIDICHan', 'Eidan', '2008-01-11', 'RAKOTOARIJAONA Falimanantsoa Lazafaniry', '0346963905', 12, 'Uploads/1756376098_2.jpg', '2025-2026'),
(137, 'VONDRYAN', 'Eliah', '2006-06-05', 'RANDRIAMIFALY Tojo Nambinina', '0341523658', 12, 'Uploads/1756377361_4.jpg', '2025-2026'),
(138, 'ELOUANE', 'Katiah', '2004-06-02', 'RAKONTONDRAZAKA Eviane', '0346545658', 12, 'Uploads/1756378346_5.jpg', '2025-2026'),
(155, 'RANDRIAN', 'Clark', '2007-08-19', 'ADRIAN Melvin', '336568558', 14, 'uploads/default.jpg', '2027-2028'),
(156, 'ADRIAN', 'Flouis', '2007-08-20', 'ADRIAN Melvin', '336568559', 14, 'uploads/default.jpg', '2027-2028'),
(157, 'ERICK', 'Edy', '2007-08-21', 'ADRIAN Melvin', '336568560', 14, 'uploads/default.jpg', '2027-2028'),
(158, 'ADOUANE', 'Koto', '2007-08-22', 'ADRIAN Melvin', '336568561', 14, 'uploads/default.jpg', '2027-2028');

-- --------------------------------------------------------

--
-- Structure de la table `emploi_du_temps`
--

CREATE TABLE `emploi_du_temps` (
  `id` int(11) NOT NULL,
  `id_classe` int(11) NOT NULL,
  `data_json` text NOT NULL
) ENGINE=InnoDB DEFAULT CHARSET=utf8mb4 COLLATE=utf8mb4_general_ci;

--
-- Déchargement des données de la table `emploi_du_temps`
--

INSERT INTO `emploi_du_temps` (`id`, `id_classe`, `data_json`) VALUES
(34, 1, '[{\"heure\":\"07h00-10h00\",\"lundi\":\"Science Economique\",\"mardi\":\"SVT\",\"mercredi\":\"EPS\",\"jeudi\":\"Mathématique\",\"vendredi\":\"Physique\",\"samedi\":\"Cours\"},{\"heure\":\"10h00-10h15\",\"lundi\":\" 🕘\",\"mardi\":\"   🕘\",\"mercredi\":\"  🕘\",\"jeudi\":\"  🕘\",\"vendredi\":\"   🕘\",\"samedi\":\"  🕘\"},{\"heure\":\"10h15-12h00\",\"lundi\":\"Français\",\"mardi\":\"Physique-Chimie\",\"mercredi\":\"Français\",\"jeudi\":\"Philosophie\",\"vendredi\":\"Français\",\"samedi\":\"Cours\"},{\"heure\":\"12h00-13h00\",\"lundi\":\"❌❌❌❌❌\",\"mardi\":\"❌❌❌❌❌\",\"mercredi\":\"❌❌❌❌❌\",\"jeudi\":\"❌❌❌❌❌\",\"vendredi\":\"❌❌❌❌❌\",\"samedi\":\"❌❌❌❌❌\"},{\"heure\":\"13h00-15h00\",\"lundi\":\"Anglais\",\"mardi\":\"Histo-géo\",\"mercredi\":\"Informatique\",\"jeudi\":\"Anglais\",\"vendredi\":\"SVT\",\"samedi\":\"Cours\"},{\"heure\":\"15h00-15h15\",\"lundi\":\" 🕘\",\"mardi\":\" 🕘\",\"mercredi\":\" 🕘\",\"jeudi\":\" 🕘\",\"vendredi\":\"  🕘\",\"samedi\":\"  🕘\"},{\"heure\":\"15h15-17h00\",\"lundi\":\"Philosophie\",\"mardi\":\"SES\",\"mercredi\":\"Etude\",\"jeudi\":\"Malagasy\",\"vendredi\":\"SES\",\"samedi\":\"Cours\"}]'),
(36, 14, '[{\"heure\":\"07h00-09h00\",\"lundi\":\"MALAGASY\",\"mardi\":\"\",\"mercredi\":\"\",\"jeudi\":\"\",\"vendredi\":\"\",\"samedi\":\"\"}]');

-- --------------------------------------------------------

--
-- Structure de la table `enseignants`
--

CREATE TABLE `enseignants` (
  `id` int(11) NOT NULL,
  `nom` varchar(100) NOT NULL,
  `prenom` varchar(100) NOT NULL,
  `email` varchar(100) DEFAULT NULL,
  `telephone` varchar(20) DEFAULT NULL,
  `matiere` varchar(100) DEFAULT NULL,
  `annee_scolaire` varchar(10) DEFAULT NULL,
  `date_embauche` date DEFAULT NULL,
  `statut` enum('actif','inactif') DEFAULT 'actif',
  `created_at` timestamp NOT NULL DEFAULT current_timestamp()
) ENGINE=InnoDB DEFAULT CHARSET=utf8mb4 COLLATE=utf8mb4_general_ci;

--
-- Déchargement des données de la table `enseignants`
--

INSERT INTO `enseignants` (`id`, `nom`, `prenom`, `email`, `telephone`, `matiere`, `annee_scolaire`, `date_embauche`, `statut`, `created_at`) VALUES
(1, 'Dupont', 'Jean', 'jean.dupont@example.com', '0123456789', 'Mathématiques', NULL, '2023-09-01', 'actif', '2025-08-13 14:29:56');

-- --------------------------------------------------------

--
-- Structure de la table `equipements`
--

CREATE TABLE `equipements` (
  `id` int(11) NOT NULL,
  `nom` varchar(100) NOT NULL,
  `quantite` varchar(100) DEFAULT NULL,
  `description` text DEFAULT NULL
) ENGINE=InnoDB DEFAULT CHARSET=utf8mb4 COLLATE=utf8mb4_general_ci;

--
-- Déchargement des données de la table `equipements`
--

INSERT INTO `equipements` (`id`, `nom`, `quantite`, `description`) VALUES
(1, 'Pinceau, rouleau', '25000', 'IL faut ces équipements pour corriger les couloirs'),
(2, 'Equipements matériel technique', '12000', 'Matériel de base');

-- --------------------------------------------------------

--
-- Structure de la table `evenements`
--

CREATE TABLE `evenements` (
  `id` int(11) NOT NULL,
  `titre` varchar(255) NOT NULL,
  `description` text DEFAULT NULL,
  `type` enum('rendez-vous','examen','session examen','réunion','vacance','évènement scolaire') NOT NULL,
  `date_debut` datetime NOT NULL,
  `date_fin` datetime NOT NULL,
  `createur_id` int(11) DEFAULT NULL,
  `date_creation` timestamp NOT NULL DEFAULT current_timestamp()
) ENGINE=InnoDB DEFAULT CHARSET=utf8mb4 COLLATE=utf8mb4_general_ci;

--
-- Déchargement des données de la table `evenements`
--

INSERT INTO `evenements` (`id`, `titre`, `description`, `type`, `date_debut`, `date_fin`, `createur_id`, `date_creation`) VALUES
(1, 'Journée des écoles', 'Que chaque classe profite bien de sa journée avec du grand goûter etc....', 'évènement scolaire', '2025-08-14 09:00:00', '2025-08-16 10:00:00', 1, '2025-08-13 17:08:55'),
(2, 'Voyage d\'étude', 'Seulement pour les classes d\'examen', 'évènement scolaire', '2025-08-14 09:00:00', '2025-08-14 16:00:00', 1, '2025-08-13 21:23:12'),
(3, 'Evenement', 'Cette date est prise pour un rendez-vous avec un client spécial', 'rendez-vous', '2025-08-28 20:42:00', '2025-08-29 20:42:00', 1, '2025-08-28 17:43:38');

-- --------------------------------------------------------

--
-- Structure de la table `fichiers`
--

CREATE TABLE `fichiers` (
  `id` int(11) NOT NULL,
  `nom_fichier` varchar(255) DEFAULT NULL,
  `chemin` varchar(255) DEFAULT NULL
) ENGINE=InnoDB DEFAULT CHARSET=utf8mb4 COLLATE=utf8mb4_general_ci;

-- --------------------------------------------------------

--
-- Structure de la table `matieres`
--

CREATE TABLE `matieres` (
  `id` int(11) NOT NULL,
  `nom` varchar(100) NOT NULL,
  `coefficient` int(11) DEFAULT 1
) ENGINE=InnoDB DEFAULT CHARSET=utf8mb4 COLLATE=utf8mb4_general_ci;

--
-- Déchargement des données de la table `matieres`
--

INSERT INTO `matieres` (`id`, `nom`, `coefficient`) VALUES
(1, 'Expression orale', 1),
(2, 'Dessin et coloriage', 1),
(3, 'Chant et musique', 1),
(4, 'Jeux éducatifs', 1),
(5, 'Motricité', 1),
(6, 'Pré-lecture', 1),
(7, 'Pré-écriture', 1),
(8, 'Pré-mathématiques', 1),
(9, 'Malagasy', 2),
(10, 'Français', 2),
(12, 'Education Civique et Morale', 1),
(13, 'SVT', 1),
(14, 'Lecture', 1),
(15, 'Ecriture', 1),
(16, 'Arts plastiques', 1),
(17, 'Chant', 1),
(18, 'EPS', 1),
(19, 'Exercice physique', 1),
(20, 'Anglais', 2),
(21, 'Deutsh', 1),
(26, 'Education artistique', 1),
(28, 'Mathématique', 2),
(31, 'Philosophie', 2),
(32, 'Histoire-Géographie', 2),
(33, 'Espagnol', 1),
(34, 'Physique-Chimie', 2),
(38, 'ECM', 1),
(40, 'Informatique', 1),
(42, 'Education pour les jeune', 1),
(43, 'SES', 1),
(44, 'Malagasy', 1),
(45, 'Français', 1),
(46, 'Maths', 1),
(47, 'Histoire', 1),
(48, 'Sciences', 1),
(49, 'Droit', 1);

-- --------------------------------------------------------

--
-- Structure de la table `notes`
--

CREATE TABLE `notes` (
  `id` int(11) NOT NULL,
  `id_eleve` int(11) DEFAULT NULL,
  `id_matiere` int(11) DEFAULT NULL,
  `note` float DEFAULT NULL,
  `trimestre` int(11) DEFAULT NULL,
  `coefficient` int(11) DEFAULT NULL,
  `remarque` int(11) DEFAULT NULL,
  `annee_scolaire` varchar(9) NOT NULL
) ENGINE=InnoDB DEFAULT CHARSET=utf8mb4 COLLATE=utf8mb4_general_ci;

--
-- Déchargement des données de la table `notes`
--

INSERT INTO `notes` (`id`, `id_eleve`, `id_matiere`, `note`, `trimestre`, `coefficient`, `remarque`, `annee_scolaire`) VALUES
(3007, 81, 3, 12, 1, 1, 0, ''),
(3008, 81, 13, 16, 1, 1, 0, ''),
(3010, 81, 15, 13, 1, 1, 0, ''),
(3011, 81, 19, 10, 1, 1, 0, ''),
(3012, 81, 4, 12, 1, 1, 0, ''),
(3013, 81, 14, 18, 1, 1, 0, ''),
(3014, 80, 3, 15, 1, 1, 0, ''),
(3015, 80, 13, 14.5, 1, 1, 0, ''),
(3017, 80, 15, 18.7, 1, 1, 0, ''),
(3018, 80, 19, 8, 1, 1, 0, ''),
(3019, 80, 4, 14, 1, 1, 0, ''),
(3020, 80, 14, 13.5, 1, 1, 0, ''),
(3021, 79, 3, 13.5, 1, 1, 0, ''),
(3022, 79, 13, 14, 1, 1, 0, ''),
(3024, 79, 15, 11, 1, 1, 0, ''),
(3025, 79, 19, 16.5, 1, 1, 0, ''),
(3026, 79, 4, 12, 1, 1, 0, ''),
(3027, 79, 14, 11, 1, 1, 0, ''),
(3028, 82, 3, 9, 1, 1, 0, ''),
(3029, 82, 13, 7, 1, 1, 0, ''),
(3031, 82, 15, 12, 1, 1, 0, ''),
(3032, 82, 19, 10.5, 1, 1, 0, ''),
(3033, 82, 4, 13, 1, 1, 0, ''),
(3034, 82, 14, 17, 1, 1, 0, ''),
(3035, 78, 3, 14.5, 1, 1, 0, ''),
(3036, 78, 13, 17, 1, 1, 0, ''),
(3038, 78, 15, 16, 1, 1, 0, ''),
(3039, 78, 19, 11.5, 1, 1, 0, ''),
(3040, 78, 4, 12, 1, 1, 0, ''),
(3041, 78, 14, 13, 1, 1, 0, ''),
(3042, 84, 3, 16.5, 1, 1, 0, ''),
(3043, 84, 13, 18.5, 1, 1, 0, ''),
(3045, 84, 15, 14, 1, 1, 0, ''),
(3046, 84, 19, 11.5, 1, 1, 0, ''),
(3047, 84, 4, 12, 1, 1, 0, ''),
(3048, 84, 14, 13, 1, 1, 0, ''),
(3049, 77, 3, 12, 1, 1, 0, ''),
(3050, 77, 13, 14, 1, 1, 0, ''),
(3052, 77, 15, 14, 1, 1, 0, ''),
(3053, 77, 19, 12.5, 1, 1, 0, ''),
(3054, 77, 4, 15, 1, 1, 0, ''),
(3055, 77, 14, 12, 1, 1, 0, ''),
(3056, 76, 3, 14, 1, 1, 0, ''),
(3057, 76, 13, 16, 1, 1, 0, ''),
(3059, 76, 15, 12, 1, 1, 0, ''),
(3060, 76, 19, 11.5, 1, 1, 0, ''),
(3061, 76, 4, 7, 1, 1, 0, ''),
(3062, 76, 14, 14, 1, 1, 0, ''),
(3063, 83, 3, 14, 1, 1, 0, ''),
(3064, 83, 13, 16, 1, 1, 0, ''),
(3066, 83, 15, 17.5, 1, 1, 0, ''),
(3067, 83, 19, 8, 1, 1, 0, ''),
(3068, 83, 4, 12, 1, 1, 0, ''),
(3069, 83, 14, 13, 1, 1, 0, ''),
(4564, 74, 3, 14, 2, 1, 0, ''),
(4565, 74, 2, 18, 2, 1, 0, ''),
(4566, 74, 1, 19, 2, 1, 0, ''),
(4567, 74, 4, 15, 2, 1, 0, ''),
(4568, 74, 5, 16, 2, 1, 0, ''),
(4569, 74, 7, 13, 2, 1, 0, ''),
(4570, 74, 6, 12, 2, 1, 0, ''),
(4571, 74, 8, 15, 2, 1, 0, ''),
(4572, 74, 43, 0, 2, 1, 0, ''),
(4573, 75, 3, 12, 2, 1, 0, ''),
(4574, 75, 2, 11, 2, 1, 0, ''),
(4575, 75, 1, 12, 2, 1, 0, ''),
(4576, 75, 4, 13, 2, 1, 0, ''),
(4577, 75, 5, 12, 2, 1, 0, ''),
(4578, 75, 7, 16, 2, 1, 0, ''),
(4579, 75, 6, 15, 2, 1, 0, ''),
(4580, 75, 8, 14, 2, 1, 0, ''),
(4581, 75, 43, 0, 2, 1, 0, ''),
(4582, 71, 3, 17, 2, 1, 0, ''),
(4583, 71, 2, 15.5, 2, 1, 0, ''),
(4584, 71, 1, 16.5, 2, 1, 0, ''),
(4585, 71, 4, 17, 2, 1, 0, ''),
(4586, 71, 5, 18, 2, 1, 0, ''),
(4587, 71, 7, 14, 2, 1, 0, ''),
(4588, 71, 6, 13, 2, 1, 0, ''),
(4589, 71, 8, 9, 2, 1, 0, ''),
(4590, 71, 43, 0, 2, 1, 0, ''),
(4591, 67, 3, 13, 2, 1, 0, ''),
(4592, 67, 2, 12, 2, 1, 0, ''),
(4593, 67, 1, 16, 2, 1, 0, ''),
(4594, 67, 4, 15, 2, 1, 0, ''),
(4595, 67, 5, 13, 2, 1, 0, ''),
(4596, 67, 7, 12, 2, 1, 0, ''),
(4597, 67, 6, 19, 2, 1, 0, ''),
(4598, 67, 8, 15, 2, 1, 0, ''),
(4599, 67, 43, 0, 2, 1, 0, ''),
(4600, 68, 3, 11, 2, 1, 0, ''),
(4601, 68, 2, 10, 2, 1, 0, ''),
(4602, 68, 1, 8.5, 2, 1, 0, ''),
(4603, 68, 4, 9, 2, 1, 0, ''),
(4604, 68, 5, 11, 2, 1, 0, ''),
(4605, 68, 7, 14, 2, 1, 0, ''),
(4606, 68, 6, 12, 2, 1, 0, ''),
(4607, 68, 8, 15, 2, 1, 0, ''),
(4608, 68, 43, 0, 2, 1, 0, ''),
(4609, 72, 3, 14, 2, 1, 0, ''),
(4610, 72, 2, 12, 2, 1, 0, ''),
(4611, 72, 1, 13, 2, 1, 0, ''),
(4612, 72, 4, 15, 2, 1, 0, ''),
(4613, 72, 5, 13, 2, 1, 0, ''),
(4614, 72, 7, 14, 2, 1, 0, ''),
(4615, 72, 6, 14, 2, 1, 0, ''),
(4616, 72, 8, 17, 2, 1, 0, ''),
(4617, 72, 43, 0, 2, 1, 0, ''),
(4618, 66, 3, 10, 2, 1, 0, ''),
(4619, 66, 2, 12.5, 2, 1, 0, ''),
(4620, 66, 1, 12.7, 2, 1, 0, ''),
(4621, 66, 4, 14.7, 2, 1, 0, ''),
(4622, 66, 5, 15, 2, 1, 0, ''),
(4623, 66, 7, 15.7, 2, 1, 0, ''),
(4624, 66, 6, 15.5, 2, 1, 0, ''),
(4625, 66, 8, 13.5, 2, 1, 0, ''),
(4626, 66, 43, 0, 2, 1, 0, ''),
(4627, 69, 3, 12, 2, 1, 0, ''),
(4628, 69, 2, 13, 2, 1, 0, ''),
(4629, 69, 1, 12, 2, 1, 0, ''),
(4630, 69, 4, 11, 2, 1, 0, ''),
(4631, 69, 5, 14, 2, 1, 0, ''),
(4632, 69, 7, 15, 2, 1, 0, ''),
(4633, 69, 6, 16.5, 2, 1, 0, ''),
(4634, 69, 8, 14.5, 2, 1, 0, ''),
(4635, 69, 43, 0, 2, 1, 0, ''),
(4636, 70, 3, 11.5, 2, 1, 0, ''),
(4637, 70, 2, 12, 2, 1, 0, ''),
(4638, 70, 1, 13, 2, 1, 0, ''),
(4639, 70, 4, 12.5, 2, 1, 0, ''),
(4640, 70, 5, 14, 2, 1, 0, ''),
(4641, 70, 7, 14.5, 2, 1, 0, ''),
(4642, 70, 6, 12, 2, 1, 0, ''),
(4643, 70, 8, 12.5, 2, 1, 0, ''),
(4644, 70, 43, 0, 2, 1, 0, ''),
(4933, 73, 3, 12, 3, 1, 0, ''),
(4934, 73, 2, 10, 3, 1, 0, ''),
(4935, 73, 1, 8, 3, 1, 0, ''),
(4936, 73, 4, 9, 3, 1, 0, ''),
(4937, 73, 5, 12, 3, 1, 0, ''),
(4938, 73, 7, 13, 3, 1, 0, ''),
(4939, 73, 6, 10, 3, 1, 0, ''),
(4940, 73, 8, 12, 3, 1, 0, ''),
(4941, 73, 43, 11, 3, 1, 0, ''),
(4942, 74, 3, 10, 3, 1, 0, ''),
(4943, 74, 2, 8, 3, 1, 0, ''),
(4944, 74, 1, 9, 3, 1, 0, ''),
(4945, 74, 4, 4, 3, 1, 0, ''),
(4946, 74, 5, 12, 3, 1, 0, ''),
(4947, 74, 7, 13, 3, 1, 0, ''),
(4948, 74, 6, 12, 3, 1, 0, ''),
(4949, 74, 8, 14, 3, 1, 0, ''),
(4950, 74, 43, 15, 3, 1, 0, ''),
(4951, 75, 3, 9, 3, 1, 0, ''),
(4952, 75, 2, 8, 3, 1, 0, ''),
(4953, 75, 1, 5, 3, 1, 0, ''),
(4954, 75, 4, 12, 3, 1, 0, ''),
(4955, 75, 5, 13, 3, 1, 0, ''),
(4956, 75, 7, 12, 3, 1, 0, ''),
(4957, 75, 6, 14, 3, 1, 0, ''),
(4958, 75, 8, 12, 3, 1, 0, ''),
(4959, 75, 43, 11, 3, 1, 0, ''),
(4960, 71, 3, 11, 3, 1, 0, ''),
(4961, 71, 2, 12, 3, 1, 0, ''),
(4962, 71, 1, 13, 3, 1, 0, ''),
(4963, 71, 4, 12, 3, 1, 0, ''),
(4964, 71, 5, 14, 3, 1, 0, ''),
(4965, 71, 7, 11, 3, 1, 0, ''),
(4966, 71, 6, 12.5, 3, 1, 0, ''),
(4967, 71, 8, 12, 3, 1, 0, ''),
(4968, 71, 43, 13, 3, 1, 0, ''),
(4969, 67, 3, 10.5, 3, 1, 0, ''),
(4970, 67, 2, 11, 3, 1, 0, ''),
(4971, 67, 1, 12.5, 3, 1, 0, ''),
(4972, 67, 4, 13, 3, 1, 0, ''),
(4973, 67, 5, 12.5, 3, 1, 0, ''),
(4974, 67, 7, 14, 3, 1, 0, ''),
(4975, 67, 6, 12.5, 3, 1, 0, ''),
(4976, 67, 8, 14, 3, 1, 0, ''),
(4977, 67, 43, 15, 3, 1, 0, ''),
(4978, 68, 3, 13, 3, 1, 0, ''),
(4979, 68, 2, 12.5, 3, 1, 0, ''),
(4980, 68, 1, 17, 3, 1, 0, ''),
(4981, 68, 4, 14, 3, 1, 0, ''),
(4982, 68, 5, 13.5, 3, 1, 0, ''),
(4983, 68, 7, 16.5, 3, 1, 0, ''),
(4984, 68, 6, 14.5, 3, 1, 0, ''),
(4985, 68, 8, 12, 3, 1, 0, ''),
(4986, 68, 43, 11, 3, 1, 0, ''),
(4987, 72, 3, 13.5, 3, 1, 0, ''),
(4988, 72, 2, 12.5, 3, 1, 0, ''),
(4989, 72, 1, 11.5, 3, 1, 0, ''),
(4990, 72, 4, 12, 3, 1, 0, ''),
(4991, 72, 5, 11, 3, 1, 0, ''),
(4992, 72, 7, 12, 3, 1, 0, ''),
(4993, 72, 6, 12, 3, 1, 0, ''),
(4994, 72, 8, 11, 3, 1, 0, ''),
(4995, 72, 43, 11, 3, 1, 0, ''),
(4996, 66, 3, 10.5, 3, 1, 0, ''),
(4997, 66, 2, 12, 3, 1, 0, ''),
(4998, 66, 1, 10.5, 3, 1, 0, ''),
(4999, 66, 4, 12, 3, 1, 0, ''),
(5000, 66, 5, 13, 3, 1, 0, ''),
(5001, 66, 7, 15, 3, 1, 0, ''),
(5002, 66, 6, 14, 3, 1, 0, ''),
(5003, 66, 8, 12, 3, 1, 0, ''),
(5004, 66, 43, 11, 3, 1, 0, ''),
(5005, 69, 3, 14.5, 3, 1, 0, ''),
(5006, 69, 2, 12, 3, 1, 0, ''),
(5007, 69, 1, 13, 3, 1, 0, ''),
(5008, 69, 4, 11, 3, 1, 0, ''),
(5009, 69, 5, 12, 3, 1, 0, ''),
(5010, 69, 7, 12, 3, 1, 0, ''),
(5011, 69, 6, 14, 3, 1, 0, ''),
(5012, 69, 8, 12.5, 3, 1, 0, ''),
(5013, 69, 43, 11, 3, 1, 0, ''),
(5014, 70, 3, 12.5, 3, 1, 0, ''),
(5015, 70, 2, 13, 3, 1, 0, ''),
(5016, 70, 1, 12.5, 3, 1, 0, ''),
(5017, 70, 4, 13.5, 3, 1, 0, ''),
(5018, 70, 5, 11, 3, 1, 0, ''),
(5019, 70, 7, 14, 3, 1, 0, ''),
(5020, 70, 6, 15, 3, 1, 0, ''),
(5021, 70, 8, 12, 3, 1, 0, ''),
(5022, 70, 43, 12.5, 3, 1, 0, ''),
(5032, 97, 3, 12.5, 3, 1, 0, ''),
(5033, 97, 2, 12.2, 3, 1, 0, ''),
(5034, 97, 1, 12.5, 3, 1, 0, ''),
(5035, 97, 4, 14.5, 3, 1, 0, ''),
(5036, 97, 5, 14.7, 3, 1, 0, ''),
(5037, 97, 7, 11, 3, 1, 0, ''),
(5038, 97, 6, 12, 3, 1, 0, ''),
(5039, 97, 8, 13, 3, 1, 0, ''),
(5040, 97, 43, 11, 3, 1, 0, ''),
(5041, 99, 3, 11, 3, 1, 0, ''),
(5042, 99, 2, 12, 3, 1, 0, ''),
(5043, 99, 1, 13, 3, 1, 0, ''),
(5044, 99, 4, 11, 3, 1, 0, ''),
(5045, 99, 5, 12, 3, 1, 0, ''),
(5046, 99, 7, 14, 3, 1, 0, ''),
(5047, 99, 6, 12, 3, 1, 0, ''),
(5048, 99, 8, 11, 3, 1, 0, ''),
(5049, 99, 43, 11, 3, 1, 0, ''),
(5050, 102, 3, 12, 3, 1, 0, ''),
(5051, 102, 2, 13, 3, 1, 0, ''),
(5052, 102, 1, 12, 3, 1, 0, ''),
(5053, 102, 4, 12, 3, 1, 0, ''),
(5054, 102, 5, 14, 3, 1, 0, ''),
(5055, 102, 7, 15, 3, 1, 0, ''),
(5056, 102, 6, 13, 3, 1, 0, ''),
(5057, 102, 8, 12, 3, 1, 0, ''),
(5058, 102, 43, 11, 3, 1, 0, ''),
(5059, 101, 3, 12, 3, 1, 0, ''),
(5060, 101, 2, 13, 3, 1, 0, ''),
(5061, 101, 1, 11, 3, 1, 0, ''),
(5062, 101, 4, 12, 3, 1, 0, ''),
(5063, 101, 5, 14, 3, 1, 0, ''),
(5064, 101, 7, 12.5, 3, 1, 0, ''),
(5065, 101, 6, 12.5, 3, 1, 0, ''),
(5066, 101, 8, 14.5, 3, 1, 0, ''),
(5067, 101, 43, 11.5, 3, 1, 0, ''),
(5068, 98, 3, 11.5, 3, 1, 0, ''),
(5069, 98, 2, 18, 3, 1, 0, ''),
(5070, 98, 1, 14, 3, 1, 0, ''),
(5071, 98, 4, 17, 3, 1, 0, ''),
(5072, 98, 5, 15, 3, 1, 0, ''),
(5073, 98, 7, 16, 3, 1, 0, ''),
(5074, 98, 6, 12.3, 3, 1, 0, ''),
(5075, 98, 8, 11.5, 3, 1, 0, ''),
(5076, 98, 43, 13, 3, 1, 0, ''),
(5077, 103, 3, 11.5, 3, 1, 0, ''),
(5078, 103, 2, 13.5, 3, 1, 0, ''),
(5079, 103, 1, 14.5, 3, 1, 0, ''),
(5080, 103, 4, 12.5, 3, 1, 0, ''),
(5081, 103, 5, 11, 3, 1, 0, ''),
(5082, 103, 7, 14.5, 3, 1, 0, ''),
(5083, 103, 6, 12.4, 3, 1, 0, ''),
(5084, 103, 8, 12, 3, 1, 0, ''),
(5085, 103, 43, 11, 3, 1, 0, ''),
(5086, 104, 3, 14.5, 3, 1, 0, ''),
(5087, 104, 2, 13.5, 3, 1, 0, ''),
(5088, 104, 1, 16, 3, 1, 0, ''),
(5089, 104, 4, 15, 3, 1, 0, ''),
(5090, 104, 5, 12.5, 3, 1, 0, ''),
(5091, 104, 7, 13, 3, 1, 0, ''),
(5092, 104, 6, 12.5, 3, 1, 0, ''),
(5093, 104, 8, 12, 3, 1, 0, ''),
(5094, 104, 43, 13.5, 3, 1, 0, ''),
(5095, 100, 3, 12, 3, 1, 0, ''),
(5096, 100, 2, 13, 3, 1, 0, ''),
(5097, 100, 1, 8, 3, 1, 0, ''),
(5098, 100, 4, 6, 3, 1, 0, ''),
(5099, 100, 5, 15, 3, 1, 0, ''),
(5100, 100, 7, 12, 3, 1, 0, ''),
(5101, 100, 6, 17, 3, 1, 0, ''),
(5102, 100, 8, 11, 3, 1, 0, ''),
(5103, 100, 43, 12, 3, 1, 0, ''),
(5104, 105, 3, 12.5, 3, 1, 0, ''),
(5105, 105, 2, 12.5, 3, 1, 0, ''),
(5106, 105, 1, 14.5, 3, 1, 0, ''),
(5107, 105, 4, 13, 3, 1, 0, ''),
(5108, 105, 5, 12, 3, 1, 0, ''),
(5109, 105, 7, 11, 3, 1, 0, ''),
(5110, 105, 6, 9, 3, 1, 0, ''),
(5111, 105, 8, 8, 3, 1, 0, ''),
(5112, 105, 43, 7, 3, 1, 0, ''),
(5113, 73, 3, 10, 2, 1, 0, ''),
(5114, 73, 2, 10, 2, 1, 0, ''),
(5115, 73, 1, 8, 2, 1, 0, ''),
(5116, 73, 4, 9, 2, 1, 0, ''),
(5117, 73, 5, 12, 2, 1, 0, ''),
(5118, 73, 7, 13, 2, 1, 0, ''),
(5119, 73, 6, 10, 2, 1, 0, ''),
(5120, 73, 8, 12, 2, 1, 0, ''),
(5121, 73, 43, 11, 2, 1, 0, ''),
(5293, 73, 3, 10, 2, 1, 0, ''),
(5294, 73, 2, 10, 2, 1, 0, ''),
(5295, 73, 1, 8, 2, 1, 0, ''),
(5296, 73, 4, 9, 2, 1, 0, ''),
(5297, 73, 5, 12, 2, 1, 0, ''),
(5298, 73, 7, 13, 2, 1, 0, ''),
(5299, 73, 6, 10, 2, 1, 0, ''),
(5300, 73, 8, 12, 2, 1, 0, ''),
(5301, 73, 43, 11, 2, 1, 0, ''),
(5302, 74, 3, 10, 2, 1, 0, ''),
(5303, 74, 2, 8, 2, 1, 0, ''),
(5304, 74, 1, 9, 2, 1, 0, ''),
(5305, 74, 4, 4, 2, 1, 0, ''),
(5306, 74, 5, 12, 2, 1, 0, ''),
(5307, 74, 7, 13, 2, 1, 0, ''),
(5308, 74, 6, 12, 2, 1, 0, ''),
(5309, 74, 8, 14, 2, 1, 0, ''),
(5310, 74, 43, 15, 2, 1, 0, ''),
(5311, 75, 3, 9, 2, 1, 0, ''),
(5312, 75, 2, 8, 2, 1, 0, ''),
(5313, 75, 1, 5, 2, 1, 0, ''),
(5314, 75, 4, 12, 2, 1, 0, ''),
(5315, 75, 5, 13, 2, 1, 0, ''),
(5316, 75, 7, 12, 2, 1, 0, ''),
(5317, 75, 6, 14, 2, 1, 0, ''),
(5318, 75, 8, 12, 2, 1, 0, ''),
(5319, 75, 43, 11, 2, 1, 0, ''),
(5320, 71, 3, 11, 2, 1, 0, ''),
(5321, 71, 2, 12, 2, 1, 0, ''),
(5322, 71, 1, 13, 2, 1, 0, ''),
(5323, 71, 4, 12, 2, 1, 0, ''),
(5324, 71, 5, 14, 2, 1, 0, ''),
(5325, 71, 7, 11, 2, 1, 0, ''),
(5326, 71, 6, 12.5, 2, 1, 0, ''),
(5327, 71, 8, 12, 2, 1, 0, ''),
(5328, 71, 43, 13, 2, 1, 0, ''),
(5329, 67, 3, 10.5, 2, 1, 0, ''),
(5330, 67, 2, 11, 2, 1, 0, ''),
(5331, 67, 1, 12.5, 2, 1, 0, ''),
(5332, 67, 4, 13, 2, 1, 0, ''),
(5333, 67, 5, 12.5, 2, 1, 0, ''),
(5334, 67, 7, 14, 2, 1, 0, ''),
(5335, 67, 6, 12.5, 2, 1, 0, ''),
(5336, 67, 8, 14, 2, 1, 0, ''),
(5337, 67, 43, 15, 2, 1, 0, ''),
(5338, 68, 3, 13, 2, 1, 0, ''),
(5339, 68, 2, 12.5, 2, 1, 0, ''),
(5340, 68, 1, 17, 2, 1, 0, ''),
(5341, 68, 4, 14, 2, 1, 0, ''),
(5342, 68, 5, 13.5, 2, 1, 0, ''),
(5343, 68, 7, 16.5, 2, 1, 0, ''),
(5344, 68, 6, 14.5, 2, 1, 0, ''),
(5345, 68, 8, 12, 2, 1, 0, ''),
(5346, 68, 43, 11, 2, 1, 0, ''),
(5347, 72, 3, 13.5, 2, 1, 0, ''),
(5348, 72, 2, 12.5, 2, 1, 0, ''),
(5349, 72, 1, 11.5, 2, 1, 0, ''),
(5350, 72, 4, 12, 2, 1, 0, ''),
(5351, 72, 5, 11, 2, 1, 0, ''),
(5352, 72, 7, 12, 2, 1, 0, ''),
(5353, 72, 6, 12, 2, 1, 0, ''),
(5354, 72, 8, 11, 2, 1, 0, ''),
(5355, 72, 43, 11, 2, 1, 0, ''),
(5356, 66, 3, 10.5, 2, 1, 0, ''),
(5357, 66, 2, 12, 2, 1, 0, ''),
(5358, 66, 1, 10.5, 2, 1, 0, ''),
(5359, 66, 4, 12, 2, 1, 0, ''),
(5360, 66, 5, 13, 2, 1, 0, ''),
(5361, 66, 7, 15, 2, 1, 0, ''),
(5362, 66, 6, 14, 2, 1, 0, ''),
(5363, 66, 8, 12, 2, 1, 0, ''),
(5364, 66, 43, 11, 2, 1, 0, ''),
(5365, 69, 3, 14.5, 2, 1, 0, ''),
(5366, 69, 2, 12, 2, 1, 0, ''),
(5367, 69, 1, 13, 2, 1, 0, ''),
(5368, 69, 4, 11, 2, 1, 0, ''),
(5369, 69, 5, 12, 2, 1, 0, ''),
(5370, 69, 7, 12, 2, 1, 0, ''),
(5371, 69, 6, 14, 2, 1, 0, ''),
(5372, 69, 8, 12.5, 2, 1, 0, ''),
(5373, 69, 43, 11, 2, 1, 0, ''),
(5374, 70, 3, 12.5, 2, 1, 0, ''),
(5375, 70, 2, 13, 2, 1, 0, ''),
(5376, 70, 1, 12.5, 2, 1, 0, ''),
(5377, 70, 4, 13.5, 2, 1, 0, ''),
(5378, 70, 5, 11, 2, 1, 0, ''),
(5379, 70, 7, 14, 2, 1, 0, ''),
(5380, 70, 6, 15, 2, 1, 0, ''),
(5381, 70, 8, 12, 2, 1, 0, ''),
(5382, 70, 43, 12.5, 2, 1, 0, ''),
(5392, 97, 3, 12.5, 2, 1, 0, ''),
(5393, 97, 2, 12.2, 2, 1, 0, ''),
(5394, 97, 1, 12.5, 2, 1, 0, ''),
(5395, 97, 4, 14.5, 2, 1, 0, ''),
(5396, 97, 5, 14.7, 2, 1, 0, ''),
(5397, 97, 7, 11, 2, 1, 0, ''),
(5398, 97, 6, 12, 2, 1, 0, ''),
(5399, 97, 8, 13, 2, 1, 0, ''),
(5400, 97, 43, 11, 2, 1, 0, ''),
(5401, 99, 3, 11, 2, 1, 0, ''),
(5402, 99, 2, 12, 2, 1, 0, ''),
(5403, 99, 1, 13, 2, 1, 0, ''),
(5404, 99, 4, 11, 2, 1, 0, ''),
(5405, 99, 5, 12, 2, 1, 0, ''),
(5406, 99, 7, 14, 2, 1, 0, ''),
(5407, 99, 6, 12, 2, 1, 0, ''),
(5408, 99, 8, 11, 2, 1, 0, ''),
(5409, 99, 43, 11, 2, 1, 0, ''),
(5410, 102, 3, 12, 2, 1, 0, ''),
(5411, 102, 2, 13, 2, 1, 0, ''),
(5412, 102, 1, 12, 2, 1, 0, ''),
(5413, 102, 4, 12, 2, 1, 0, ''),
(5414, 102, 5, 14, 2, 1, 0, ''),
(5415, 102, 7, 15, 2, 1, 0, ''),
(5416, 102, 6, 13, 2, 1, 0, ''),
(5417, 102, 8, 12, 2, 1, 0, ''),
(5418, 102, 43, 11, 2, 1, 0, ''),
(5419, 101, 3, 12, 2, 1, 0, ''),
(5420, 101, 2, 13, 2, 1, 0, ''),
(5421, 101, 1, 11, 2, 1, 0, ''),
(5422, 101, 4, 12, 2, 1, 0, ''),
(5423, 101, 5, 14, 2, 1, 0, ''),
(5424, 101, 7, 12.5, 2, 1, 0, ''),
(5425, 101, 6, 12.5, 2, 1, 0, ''),
(5426, 101, 8, 14.5, 2, 1, 0, ''),
(5427, 101, 43, 11.5, 2, 1, 0, ''),
(5428, 98, 3, 11.5, 2, 1, 0, ''),
(5429, 98, 2, 18, 2, 1, 0, ''),
(5430, 98, 1, 14, 2, 1, 0, ''),
(5431, 98, 4, 17, 2, 1, 0, ''),
(5432, 98, 5, 15, 2, 1, 0, ''),
(5433, 98, 7, 16, 2, 1, 0, ''),
(5434, 98, 6, 12.3, 2, 1, 0, ''),
(5435, 98, 8, 11.5, 2, 1, 0, ''),
(5436, 98, 43, 13, 2, 1, 0, ''),
(5437, 103, 3, 11.5, 2, 1, 0, ''),
(5438, 103, 2, 13.5, 2, 1, 0, ''),
(5439, 103, 1, 14.5, 2, 1, 0, ''),
(5440, 103, 4, 12.5, 2, 1, 0, ''),
(5441, 103, 5, 11, 2, 1, 0, ''),
(5442, 103, 7, 14.5, 2, 1, 0, ''),
(5443, 103, 6, 12.4, 2, 1, 0, ''),
(5444, 103, 8, 12, 2, 1, 0, ''),
(5445, 103, 43, 11, 2, 1, 0, ''),
(5446, 104, 3, 14.5, 2, 1, 0, ''),
(5447, 104, 2, 13.5, 2, 1, 0, ''),
(5448, 104, 1, 16, 2, 1, 0, ''),
(5449, 104, 4, 15, 2, 1, 0, ''),
(5450, 104, 5, 12.5, 2, 1, 0, ''),
(5451, 104, 7, 13, 2, 1, 0, ''),
(5452, 104, 6, 12.5, 2, 1, 0, ''),
(5453, 104, 8, 12, 2, 1, 0, ''),
(5454, 104, 43, 13.5, 2, 1, 0, ''),
(5455, 100, 3, 12, 2, 1, 0, ''),
(5456, 100, 2, 13, 2, 1, 0, ''),
(5457, 100, 1, 8, 2, 1, 0, ''),
(5458, 100, 4, 6, 2, 1, 0, ''),
(5459, 100, 5, 15, 2, 1, 0, ''),
(5460, 100, 7, 12, 2, 1, 0, ''),
(5461, 100, 6, 17, 2, 1, 0, ''),
(5462, 100, 8, 11, 2, 1, 0, ''),
(5463, 100, 43, 12, 2, 1, 0, ''),
(5464, 105, 3, 12.5, 2, 1, 0, ''),
(5465, 105, 2, 12.5, 2, 1, 0, ''),
(5466, 105, 1, 14.5, 2, 1, 0, ''),
(5467, 105, 4, 13, 2, 1, 0, ''),
(5468, 105, 5, 12, 2, 1, 0, ''),
(5469, 105, 7, 11, 2, 1, 0, ''),
(5470, 105, 6, 9, 2, 1, 0, ''),
(5471, 105, 8, 8, 2, 1, 0, ''),
(5472, 105, 43, 7, 2, 1, 0, ''),
(5475, 73, 1, 8, 1, 1, 0, ''),
(5477, 73, 5, 12, 1, 1, 0, ''),
(5478, 73, 7, 13, 1, 1, 0, ''),
(5479, 73, 6, 10, 1, 1, 0, ''),
(5480, 73, 8, 12, 1, 1, 0, ''),
(5481, 73, 43, 11, 1, 1, 0, ''),
(5484, 74, 1, 9, 1, 1, 0, ''),
(5486, 74, 5, 12, 1, 1, 0, ''),
(5487, 74, 7, 13, 1, 1, 0, ''),
(5488, 74, 6, 12, 1, 1, 0, ''),
(5489, 74, 8, 14, 1, 1, 0, ''),
(5490, 74, 43, 15, 1, 1, 0, ''),
(5493, 75, 1, 5, 1, 1, 0, ''),
(5495, 75, 5, 13, 1, 1, 0, ''),
(5496, 75, 7, 12, 1, 1, 0, ''),
(5497, 75, 6, 14, 1, 1, 0, ''),
(5498, 75, 8, 12, 1, 1, 0, ''),
(5499, 75, 43, 11, 1, 1, 0, ''),
(5502, 71, 1, 13, 1, 1, 0, ''),
(5504, 71, 5, 14, 1, 1, 0, ''),
(5505, 71, 7, 11, 1, 1, 0, ''),
(5506, 71, 6, 12.5, 1, 1, 0, ''),
(5507, 71, 8, 12, 1, 1, 0, ''),
(5508, 71, 43, 13, 1, 1, 0, ''),
(5511, 67, 1, 12.5, 1, 1, 0, ''),
(5513, 67, 5, 12.5, 1, 1, 0, ''),
(5514, 67, 7, 14, 1, 1, 0, ''),
(5515, 67, 6, 12.5, 1, 1, 0, ''),
(5516, 67, 8, 14, 1, 1, 0, ''),
(5517, 67, 43, 15, 1, 1, 0, ''),
(5520, 68, 1, 17, 1, 1, 0, ''),
(5522, 68, 5, 13.5, 1, 1, 0, ''),
(5523, 68, 7, 16.5, 1, 1, 0, ''),
(5524, 68, 6, 14.5, 1, 1, 0, ''),
(5525, 68, 8, 12, 1, 1, 0, ''),
(5526, 68, 43, 11, 1, 1, 0, ''),
(5529, 72, 1, 11.5, 1, 1, 0, ''),
(5531, 72, 5, 11, 1, 1, 0, ''),
(5532, 72, 7, 12, 1, 1, 0, ''),
(5533, 72, 6, 12, 1, 1, 0, ''),
(5534, 72, 8, 11, 1, 1, 0, ''),
(5535, 72, 43, 11, 1, 1, 0, ''),
(5538, 66, 1, 10.5, 1, 1, 0, ''),
(5540, 66, 5, 13, 1, 1, 0, ''),
(5541, 66, 7, 15, 1, 1, 0, ''),
(5542, 66, 6, 14, 1, 1, 0, ''),
(5543, 66, 8, 12, 1, 1, 0, ''),
(5544, 66, 43, 11, 1, 1, 0, ''),
(5547, 69, 1, 13, 1, 1, 0, ''),
(5549, 69, 5, 12, 1, 1, 0, ''),
(5550, 69, 7, 12, 1, 1, 0, ''),
(5551, 69, 6, 14, 1, 1, 0, ''),
(5552, 69, 8, 12.5, 1, 1, 0, ''),
(5553, 69, 43, 11, 1, 1, 0, ''),
(5556, 70, 1, 12.5, 1, 1, 0, ''),
(5558, 70, 5, 11, 1, 1, 0, ''),
(5559, 70, 7, 14, 1, 1, 0, ''),
(5560, 70, 6, 15, 1, 1, 0, ''),
(5561, 70, 8, 12, 1, 1, 0, ''),
(5562, 70, 43, 12.5, 1, 1, 0, ''),
(5574, 97, 1, 12.5, 1, 1, 0, ''),
(5576, 97, 5, 14.7, 1, 1, 0, ''),
(5577, 97, 7, 11, 1, 1, 0, ''),
(5578, 97, 6, 12, 1, 1, 0, ''),
(5579, 97, 8, 13, 1, 1, 0, ''),
(5580, 97, 43, 11, 1, 1, 0, ''),
(5583, 99, 1, 13, 1, 1, 0, ''),
(5585, 99, 5, 12, 1, 1, 0, ''),
(5586, 99, 7, 14, 1, 1, 0, ''),
(5587, 99, 6, 12, 1, 1, 0, ''),
(5588, 99, 8, 11, 1, 1, 0, ''),
(5589, 99, 43, 11, 1, 1, 0, ''),
(5592, 102, 1, 12, 1, 1, 0, ''),
(5594, 102, 5, 14, 1, 1, 0, ''),
(5595, 102, 7, 15, 1, 1, 0, ''),
(5596, 102, 6, 13, 1, 1, 0, ''),
(5597, 102, 8, 12, 1, 1, 0, ''),
(5598, 102, 43, 11, 1, 1, 0, ''),
(5601, 101, 1, 11, 1, 1, 0, ''),
(5603, 101, 5, 14, 1, 1, 0, ''),
(5604, 101, 7, 12.5, 1, 1, 0, ''),
(5605, 101, 6, 12.5, 1, 1, 0, ''),
(5606, 101, 8, 14.5, 1, 1, 0, ''),
(5607, 101, 43, 11.5, 1, 1, 0, ''),
(5610, 98, 1, 14, 1, 1, 0, ''),
(5612, 98, 5, 15, 1, 1, 0, ''),
(5613, 98, 7, 16, 1, 1, 0, ''),
(5614, 98, 6, 12.3, 1, 1, 0, ''),
(5615, 98, 8, 11.5, 1, 1, 0, ''),
(5616, 98, 43, 13, 1, 1, 0, ''),
(5619, 103, 1, 14.5, 1, 1, 0, ''),
(5621, 103, 5, 11, 1, 1, 0, ''),
(5622, 103, 7, 14.5, 1, 1, 0, ''),
(5623, 103, 6, 12.4, 1, 1, 0, ''),
(5624, 103, 8, 12, 1, 1, 0, ''),
(5625, 103, 43, 11, 1, 1, 0, ''),
(5628, 104, 1, 16, 1, 1, 0, ''),
(5630, 104, 5, 12.5, 1, 1, 0, ''),
(5631, 104, 7, 13, 1, 1, 0, ''),
(5632, 104, 6, 12.5, 1, 1, 0, ''),
(5633, 104, 8, 12, 1, 1, 0, ''),
(5634, 104, 43, 13.5, 1, 1, 0, ''),
(5637, 100, 1, 8, 1, 1, 0, ''),
(5639, 100, 5, 15, 1, 1, 0, ''),
(5640, 100, 7, 12, 1, 1, 0, ''),
(5641, 100, 6, 17, 1, 1, 0, ''),
(5642, 100, 8, 11, 1, 1, 0, ''),
(5643, 100, 43, 12, 1, 1, 0, ''),
(5646, 105, 1, 14.5, 1, 1, 0, ''),
(5648, 105, 5, 12, 1, 1, 0, ''),
(5649, 105, 7, 11, 1, 1, 0, ''),
(5650, 105, 6, 9, 1, 1, 0, ''),
(5651, 105, 8, 8, 1, 1, 0, ''),
(5652, 105, 43, 7, 1, 1, 0, ''),
(5655, 81, 4, 12, 2, 3, 0, ''),
(5656, 80, 4, 12, 2, 3, 0, ''),
(5657, 79, 4, 12, 2, 3, 0, ''),
(5658, 82, 4, 12, 2, 3, 0, ''),
(5659, 78, 4, 12, 2, 3, 0, ''),
(5660, 84, 4, 12, 2, 3, 0, ''),
(5661, 77, 4, 12, 2, 3, 0, ''),
(5662, 76, 4, 12, 2, 3, 0, ''),
(5663, 83, 4, 12, 2, 3, 0, ''),
(5665, 81, 14, 11.99, 3, 6, 0, ''),
(5666, 80, 14, 14, 3, 6, 0, ''),
(5667, 79, 14, 15, 3, 6, 0, ''),
(5668, 82, 14, 16, 3, 6, 0, ''),
(5669, 78, 14, 18, 3, 6, 0, ''),
(5670, 84, 14, 11, 3, 6, 0, ''),
(5671, 77, 14, 10, 3, 6, 0, ''),
(5672, 76, 14, 16, 3, 6, 0, ''),
(5673, 83, 14, 12.5, 3, 6, 0, ''),
(5674, 106, 15, 12, 1, 1, 0, ''),
(5675, 86, 15, 11, 1, 1, 0, ''),
(5676, 88, 15, 15, 1, 1, 0, ''),
(5677, 90, 15, 16, 1, 1, 0, ''),
(5678, 93, 15, 17, 1, 1, 0, ''),
(5679, 92, 15, 18, 1, 1, 0, ''),
(5680, 89, 15, 14.5, 1, 1, 0, ''),
(5681, 94, 15, 14.5, 1, 1, 0, ''),
(5682, 95, 15, 12.5, 1, 1, 0, ''),
(5683, 91, 15, 11.5, 1, 1, 0, ''),
(5684, 96, 15, 11, 1, 1, 0, ''),
(5685, 106, 18, 10, 1, 1, 0, ''),
(5686, 86, 18, 11, 1, 1, 0, ''),
(5687, 88, 18, 13, 1, 1, 0, ''),
(5688, 90, 18, 14, 1, 1, 0, ''),
(5689, 93, 18, 14, 1, 1, 0, ''),
(5690, 92, 18, 15, 1, 1, 0, ''),
(5691, 89, 18, 13.5, 1, 1, 0, ''),
(5692, 94, 18, 18, 1, 1, 0, ''),
(5693, 95, 18, 14.5, 1, 1, 0, ''),
(5694, 91, 18, 14, 1, 1, 0, ''),
(5695, 96, 18, 11, 1, 1, 0, ''),
(5696, 106, 10, 13.5, 1, 1, 0, ''),
(5697, 86, 10, 14, 1, 1, 0, ''),
(5698, 88, 10, 15, 1, 1, 0, ''),
(5699, 90, 10, 14.5, 1, 1, 0, ''),
(5700, 93, 10, 15, 1, 1, 0, ''),
(5701, 92, 10, 15.5, 1, 1, 0, ''),
(5702, 89, 10, 14, 1, 1, 0, ''),
(5703, 94, 10, 10, 1, 1, 0, ''),
(5704, 95, 10, 9, 1, 1, 0, ''),
(5705, 91, 10, 12.5, 1, 1, 0, ''),
(5706, 96, 10, 12.5, 1, 1, 0, ''),
(5707, 106, 14, 14.5, 1, 1, 0, ''),
(5708, 86, 14, 11, 1, 1, 0, ''),
(5709, 88, 14, 12.5, 1, 1, 0, ''),
(5710, 90, 14, 13, 1, 1, 0, ''),
(5711, 93, 14, 15.5, 1, 1, 0, ''),
(5712, 92, 14, 16, 1, 1, 0, ''),
(5713, 89, 14, 14, 1, 1, 0, ''),
(5714, 94, 14, 17, 1, 1, 0, ''),
(5715, 95, 14, 8, 1, 1, 0, ''),
(5716, 91, 14, 15.5, 1, 1, 0, ''),
(5717, 96, 14, 15.5, 1, 1, 0, ''),
(5718, 106, 9, 12.5, 1, 1, 0, ''),
(5719, 86, 9, 13.5, 1, 1, 0, ''),
(5720, 88, 9, 15, 1, 1, 0, ''),
(5721, 90, 9, 16, 1, 1, 0, ''),
(5722, 93, 9, 14, 1, 1, 0, ''),
(5723, 92, 9, 13, 1, 1, 0, ''),
(5724, 89, 9, 14, 1, 1, 0, ''),
(5725, 94, 9, 10, 1, 1, 0, ''),
(5726, 95, 9, 15, 1, 1, 0, ''),
(5727, 91, 9, 12.5, 1, 1, 0, ''),
(5728, 96, 9, 13.5, 1, 1, 0, ''),
(5749, 73, 4, 10, 1, 6, 0, ''),
(5750, 74, 4, 4, 1, 6, 0, ''),
(5751, 75, 4, 12, 1, 6, 0, ''),
(5752, 71, 4, 12, 1, 6, 0, ''),
(5753, 67, 4, 13, 1, 6, 0, ''),
(5754, 68, 4, 14, 1, 6, 0, ''),
(5755, 72, 4, 12, 1, 6, 0, ''),
(5756, 66, 4, 12, 1, 6, 0, ''),
(5757, 69, 4, 11, 1, 6, 0, ''),
(5758, 70, 4, 13.5, 1, 6, 0, ''),
(5760, 97, 4, 14.5, 1, 6, 0, ''),
(5761, 99, 4, 11, 1, 6, 0, ''),
(5762, 102, 4, 12, 1, 6, 0, ''),
(5763, 101, 4, 12, 1, 6, 0, ''),
(5764, 98, 4, 17, 1, 6, 0, ''),
(5765, 103, 4, 12.5, 1, 6, 0, ''),
(5766, 104, 4, 15, 1, 6, 0, ''),
(5767, 100, 4, 6, 1, 6, 0, ''),
(5768, 105, 4, 13, 1, 6, 0, ''),
(5769, 111, 20, 13, 1, 2, 0, ''),
(5770, 110, 20, 11.5, 1, 2, 0, ''),
(5771, 112, 20, 14, 1, 2, 0, ''),
(5772, 109, 20, 15, 1, 2, 0, ''),
(5773, 113, 20, 16, 1, 2, 0, ''),
(5774, 117, 20, 12.5, 1, 2, 0, ''),
(5775, 116, 20, 13, 1, 2, 0, ''),
(5776, 115, 20, 17, 1, 2, 0, ''),
(5777, 114, 20, 12.5, 1, 2, 0, ''),
(5778, 108, 20, 14.5, 1, 2, 0, ''),
(5779, 111, 18, 14, 1, 1, 0, ''),
(5780, 110, 18, 16, 1, 1, 0, ''),
(5781, 112, 18, 13.5, 1, 1, 0, ''),
(5782, 109, 18, 13.5, 1, 1, 0, ''),
(5783, 113, 18, 14, 1, 1, 0, ''),
(5784, 117, 18, 13, 1, 1, 0, ''),
(5785, 116, 18, 17, 1, 1, 0, ''),
(5786, 115, 18, 15, 1, 1, 0, ''),
(5787, 114, 18, 14.5, 1, 1, 0, ''),
(5788, 108, 18, 14, 1, 1, 0, ''),
(5789, 111, 10, 14.5, 1, 3, 0, ''),
(5790, 110, 10, 13.5, 1, 3, 0, ''),
(5791, 112, 10, 14, 1, 3, 0, ''),
(5792, 109, 10, 12, 1, 3, 0, ''),
(5793, 113, 10, 13, 1, 3, 0, ''),
(5794, 117, 10, 12, 1, 3, 0, ''),
(5795, 116, 10, 17, 1, 3, 0, ''),
(5796, 115, 10, 18, 1, 3, 0, ''),
(5797, 114, 10, 16, 1, 3, 0, ''),
(5798, 108, 10, 14, 1, 3, 0, ''),
(5799, 111, 32, 13.5, 1, 2, 0, ''),
(5800, 110, 32, 14, 1, 2, 0, ''),
(5801, 112, 32, 14, 1, 2, 0, ''),
(5802, 109, 32, 15, 1, 2, 0, ''),
(5803, 113, 32, 13, 1, 2, 0, ''),
(5804, 117, 32, 14, 1, 2, 0, ''),
(5805, 116, 32, 13, 1, 2, 0, ''),
(5806, 115, 32, 16, 1, 2, 0, ''),
(5807, 114, 32, 14, 1, 2, 0, ''),
(5808, 108, 32, 13.5, 1, 2, 0, ''),
(5809, 111, 40, 13, 1, 2, 0, ''),
(5810, 110, 40, 15.5, 1, 2, 0, ''),
(5811, 112, 40, 14, 1, 2, 0, ''),
(5812, 109, 40, 14, 1, 2, 0, ''),
(5813, 113, 40, 16, 1, 2, 0, ''),
(5814, 117, 40, 13.5, 1, 2, 0, ''),
(5815, 116, 40, 14, 1, 2, 0, ''),
(5816, 115, 40, 15, 1, 2, 0, ''),
(5817, 114, 40, 13.5, 1, 2, 0, ''),
(5818, 108, 40, 14.5, 1, 2, 0, ''),
(5819, 111, 9, 14, 1, 3, 0, ''),
(5820, 110, 9, 15, 1, 3, 0, ''),
(5821, 112, 9, 12.5, 1, 3, 0, ''),
(5822, 109, 9, 14, 1, 3, 0, ''),
(5823, 113, 9, 13.5, 1, 3, 0, ''),
(5824, 117, 9, 14.5, 1, 3, 0, ''),
(5825, 116, 9, 12.5, 1, 3, 0, ''),
(5826, 115, 9, 16, 1, 3, 0, ''),
(5827, 114, 9, 13.5, 1, 3, 0, ''),
(5828, 108, 9, 14, 1, 3, 0, ''),
(5829, 111, 28, 13.5, 1, 6, 0, ''),
(5830, 110, 28, 14, 1, 6, 0, ''),
(5831, 112, 28, 13.5, 1, 6, 0, ''),
(5832, 109, 28, 14, 1, 6, 0, ''),
(5833, 113, 28, 11, 1, 6, 0, ''),
(5834, 117, 28, 10.5, 1, 6, 0, ''),
(5835, 116, 28, 17, 1, 6, 0, ''),
(5836, 115, 28, 13.5, 1, 6, 0, ''),
(5837, 114, 28, 16, 1, 6, 0, ''),
(5838, 108, 28, 13, 1, 6, 0, ''),
(5839, 111, 31, 14, 1, 3, 0, ''),
(5840, 110, 31, 13.5, 1, 3, 0, ''),
(5841, 112, 31, 17, 1, 3, 0, ''),
(5842, 109, 31, 18, 1, 3, 0, ''),
(5843, 113, 31, 16, 1, 3, 0, ''),
(5844, 117, 31, 18, 1, 3, 0, ''),
(5845, 116, 31, 17.5, 1, 3, 0, ''),
(5846, 115, 31, 16, 1, 3, 0, ''),
(5847, 114, 31, 14.5, 1, 3, 0, ''),
(5848, 108, 31, 18, 1, 3, 0, ''),
(5849, 111, 43, 13.5, 1, 2, 0, ''),
(5850, 110, 43, 14, 1, 2, 0, ''),
(5851, 112, 43, 15, 1, 2, 0, ''),
(5852, 109, 43, 16, 1, 2, 0, ''),
(5853, 113, 43, 13.5, 1, 2, 0, ''),
(5854, 117, 43, 14, 1, 2, 0, ''),
(5855, 116, 43, 13, 1, 2, 0, ''),
(5856, 115, 43, 17, 1, 2, 0, ''),
(5857, 114, 43, 14, 1, 2, 0, ''),
(5858, 108, 43, 16, 1, 2, 0, ''),
(5859, 73, 3, 12, 1, 2, 0, ''),
(5860, 74, 3, 10, 1, 2, 0, ''),
(5861, 75, 3, 9, 1, 2, 0, ''),
(5862, 71, 3, 11, 1, 2, 0, ''),
(5863, 67, 3, 10.5, 1, 2, 0, ''),
(5864, 68, 3, 13, 1, 2, 0, ''),
(5865, 72, 3, 13.5, 1, 2, 0, ''),
(5866, 66, 3, 10.5, 1, 2, 0, ''),
(5867, 69, 3, 14.5, 1, 2, 0, ''),
(5868, 70, 3, 12.5, 1, 2, 0, ''),
(5870, 97, 3, 12.5, 1, 2, 0, ''),
(5871, 99, 3, 11, 1, 2, 0, ''),
(5872, 102, 3, 12, 1, 2, 0, ''),
(5873, 101, 3, 12, 1, 2, 0, ''),
(5874, 98, 3, 11.5, 1, 2, 0, ''),
(5875, 103, 3, 11.5, 1, 2, 0, ''),
(5876, 104, 3, 14.5, 1, 2, 0, ''),
(5877, 100, 3, 12, 1, 2, 0, ''),
(5878, 105, 3, 12.5, 1, 2, 0, ''),
(5879, 73, 2, 10, 1, 3, 0, ''),
(5880, 74, 2, 8, 1, 3, 0, ''),
(5881, 75, 2, 8, 1, 3, 0, ''),
(5882, 71, 2, 12, 1, 3, 0, ''),
(5883, 67, 2, 11, 1, 3, 0, ''),
(5884, 68, 2, 12.5, 1, 3, 0, ''),
(5885, 72, 2, 12.5, 1, 3, 0, ''),
(5886, 66, 2, 12, 1, 3, 0, ''),
(5887, 69, 2, 12, 1, 3, 0, ''),
(5888, 70, 2, 13, 1, 3, 0, ''),
(5890, 97, 2, 12.2, 1, 3, 0, ''),
(5891, 99, 2, 12, 1, 3, 0, ''),
(5892, 102, 2, 13, 1, 3, 0, ''),
(5893, 101, 2, 13, 1, 3, 0, ''),
(5894, 98, 2, 18, 1, 3, 0, ''),
(5895, 103, 2, 13.5, 1, 3, 0, ''),
(5896, 104, 2, 15, 1, 3, 0, ''),
(5897, 100, 2, 13, 1, 3, 0, ''),
(5898, 105, 2, 12.5, 1, 3, 0, ''),
(5899, 106, 15, 12, 2, 1, 0, ''),
(5900, 86, 15, 11, 2, 1, 0, ''),
(5901, 88, 15, 15, 2, 1, 0, ''),
(5902, 90, 15, 13, 2, 1, 0, ''),
(5903, 93, 15, 12.5, 2, 1, 0, ''),
(5904, 92, 15, 16, 2, 1, 0, ''),
(5905, 89, 15, 14, 2, 1, 0, ''),
(5906, 94, 15, 12, 2, 1, 0, ''),
(5907, 95, 15, 13.5, 2, 1, 0, ''),
(5908, 91, 15, 18, 2, 1, 0, ''),
(5909, 96, 15, 16, 2, 1, 0, ''),
(5910, 106, 18, 14, 2, 1, 0, ''),
(5911, 86, 18, 12, 2, 1, 0, ''),
(5912, 88, 18, 13, 2, 1, 0, ''),
(5913, 90, 18, 15, 2, 1, 0, ''),
(5914, 93, 18, 14, 2, 1, 0, ''),
(5915, 92, 18, 12.5, 2, 1, 0, ''),
(5916, 89, 18, 13, 2, 1, 0, ''),
(5917, 94, 18, 14, 2, 1, 0, ''),
(5918, 95, 18, 12.5, 2, 1, 0, ''),
(5919, 91, 18, 16, 2, 1, 0, ''),
(5920, 96, 18, 14.5, 2, 1, 0, ''),
(5921, 106, 10, 14, 2, 1, 0, ''),
(5922, 86, 10, 12, 2, 1, 0, ''),
(5923, 88, 10, 13, 2, 1, 0, ''),
(5924, 90, 10, 10, 2, 1, 0, ''),
(5925, 93, 10, 17, 2, 1, 0, ''),
(5926, 92, 10, 14, 2, 1, 0, ''),
(5927, 89, 10, 12.5, 2, 1, 0, ''),
(5928, 94, 10, 12, 2, 1, 0, ''),
(5929, 95, 10, 14.5, 2, 1, 0, ''),
(5930, 91, 10, 13, 2, 1, 0, ''),
(5931, 96, 10, 12, 2, 1, 0, ''),
(5932, 106, 14, 14, 2, 1, 0, ''),
(5933, 86, 14, 15, 2, 1, 0, ''),
(5934, 88, 14, 12.5, 2, 1, 0, ''),
(5935, 90, 14, 16, 2, 1, 0, ''),
(5936, 93, 14, 12, 2, 1, 0, ''),
(5937, 92, 14, 14, 2, 1, 0, ''),
(5938, 89, 14, 14, 2, 1, 0, ''),
(5939, 94, 14, 14, 2, 1, 0, ''),
(5940, 95, 14, 12.5, 2, 1, 0, ''),
(5941, 91, 14, 13.2, 2, 1, 0, ''),
(5942, 96, 14, 14, 2, 1, 0, ''),
(5943, 106, 9, 14, 2, 1, 0, ''),
(5944, 86, 9, 13.5, 2, 1, 0, ''),
(5945, 88, 9, 16, 2, 1, 0, ''),
(5946, 90, 9, 14, 2, 1, 0, ''),
(5947, 93, 9, 15, 2, 1, 0, ''),
(5948, 92, 9, 14, 2, 1, 0, ''),
(5949, 89, 9, 12.5, 2, 1, 0, ''),
(5950, 94, 9, 14, 2, 1, 0, ''),
(5951, 95, 9, 18, 2, 1, 0, ''),
(5952, 91, 9, 17, 2, 1, 0, ''),
(5953, 96, 9, 15, 2, 1, 0, ''),
(5968, 81, 2, 12, 1, 6, 0, ''),
(5969, 80, 2, 1.5, 1, 6, 0, ''),
(5970, 79, 2, 15, 1, 6, 0, ''),
(5971, 82, 2, 14, 1, 6, 0, ''),
(5972, 78, 2, 14, 1, 6, 0, ''),
(5973, 84, 2, 16, 1, 6, 0, ''),
(5974, 77, 2, 12, 1, 6, 0, ''),
(5975, 76, 2, 15.5, 1, 6, 0, ''),
(5976, 83, 2, 11.5, 1, 6, 0, ''),
(5981, 133, 32, 9, 1, 4, 0, ''),
(5983, 133, 18, 11.33, 1, 2, 0, ''),
(5985, 133, 13, 11.25, 1, 1, 0, ''),
(5986, 133, 46, 7.75, 1, 1, 0, ''),
(5987, 133, 34, 10, 1, 1, 0, ''),
(5990, 133, 9, 10, 1, 6, 0, ''),
(5991, 133, 10, 8, 1, 5, 0, ''),
(5992, 133, 20, 10, 1, 5, 0, ''),
(5993, 133, 31, 10, 1, 5, 0, ''),
(5994, 133, 43, 15, 1, 2, 0, '');

-- --------------------------------------------------------

--
-- Structure de la table `notifications`
--

CREATE TABLE `notifications` (
  `id` int(11) NOT NULL,
  `type` varchar(100) NOT NULL,
  `message` text NOT NULL,
  `destinataire_id` int(11) DEFAULT NULL,
  `date_creation` timestamp NULL DEFAULT NULL,
  `statut` enum('non lu','lu') DEFAULT 'non lu',
  `date_envoi` timestamp NOT NULL DEFAULT current_timestamp()
) ENGINE=InnoDB DEFAULT CHARSET=utf8mb4 COLLATE=utf8mb4_general_ci;

--
-- Déchargement des données de la table `notifications`
--

INSERT INTO `notifications` (`id`, `type`, `message`, `destinataire_id`, `date_creation`, `statut`, `date_envoi`) VALUES
(2, 'info', 'Nouvelle sauvegarde de la base de données créée : backup_20250813_225942.sql', NULL, '2025-08-13 20:59:42', '', '2025-08-13 20:59:42'),
(4, 'info', 'Nouvelle sauvegarde de la base de données créée : backup_20250813_230121.sql', NULL, '2025-08-13 21:01:21', '', '2025-08-13 21:01:21'),
(5, 'info', 'Nouvelle sauvegarde de la base de données créée : backup_20250813_230233.sql', NULL, '2025-08-13 21:02:33', '', '2025-08-13 21:02:33'),
(6, '', 'Nouvel événement : Voyage d\'étude du 2025-08-14T09:00 au 2025-08-14T16:00', NULL, '2025-08-13 21:23:12', '', '2025-08-13 21:23:12'),
(7, 'info', 'Emploi du temps mis à jour pour la classe 1ère', NULL, '2025-08-14 03:35:50', '', '2025-08-14 03:35:50'),
(8, 'info', 'Emploi du temps mis à jour pour la classe 1ère', NULL, '2025-08-14 03:36:17', '', '2025-08-14 03:36:17'),
(9, 'info', 'Salle supprimée : Salle A', NULL, '2025-08-14 03:53:03', '', '2025-08-14 03:53:03'),
(10, 'info', 'Salle supprimée : Salle B', NULL, '2025-08-14 03:53:07', '', '2025-08-14 03:53:07'),
(11, 'info', 'Salle supprimée : Salle C', NULL, '2025-08-14 03:53:12', '', '2025-08-14 03:53:12'),
(12, 'info', 'Nouvelle salle ajoutée : Grande salle', NULL, '2025-08-14 03:56:57', '', '2025-08-14 03:56:57'),
(13, 'info', 'Salle modifiée : Grande salle', NULL, '2025-08-14 03:57:26', '', '2025-08-14 03:57:26'),
(14, 'info', 'Nouvel équipement ajouté : Pinceau, rouleau', NULL, '2025-08-14 04:00:12', '', '2025-08-14 04:00:12'),
(15, '', 'Nouvelle réservation pour la salle Grande salle le 2025-08-15', NULL, '2025-08-14 04:31:45', '', '2025-08-14 04:31:45'),
(16, '', 'Nouvelle réservation pour la salle Grande salle le 2025-08-14', NULL, '2025-08-14 04:33:09', '', '2025-08-14 04:33:09'),
(17, '', 'Nouveau dossier déposé : ROJO Fillipe (eleve)', NULL, '2025-08-14 05:04:53', '', '2025-08-14 05:04:53'),
(18, '', 'Nouvelle réservation pour la salle Grande salle le 2025-08-15', NULL, '2025-08-14 11:12:00', '', '2025-08-14 11:12:00'),
(19, 'info', 'Nouvel équipement ajouté : Equipements matériel technique', NULL, '2025-08-14 11:22:47', '', '2025-08-14 11:22:47'),
(20, 'info', 'Nouvelle salle ajoutée : Petite salle', NULL, '2025-08-14 11:24:03', '', '2025-08-14 11:24:03'),
(21, '', 'Réservation annulée pour la salle Grande salle le 2025-08-14 00:00:00', NULL, '2025-08-14 11:24:19', '', '2025-08-14 11:24:19'),
(22, 'info', 'Nouvelle sauvegarde de la base de données créée : backup_20250814_133159.sql', NULL, '2025-08-14 11:31:59', '', '2025-08-14 11:31:59'),
(23, 'info', 'Nouvelle sauvegarde de la base de données créée : backup_20250814_133601.sql', NULL, '2025-08-14 11:36:01', '', '2025-08-14 11:36:01'),
(24, 'info', 'Nouvelle sauvegarde de la base de données créée : backup_20250814_195345.sql', NULL, '2025-08-14 17:53:45', '', '2025-08-14 17:53:45'),
(25, 'info', 'Nouvelle sauvegarde de la base de données créée : backup_20250814_195407.sql', NULL, '2025-08-14 17:54:07', '', '2025-08-14 17:54:07'),
(26, 'info', 'Nouvelle sauvegarde de la base de données créée : backup_20250825_075452.sql', NULL, '2025-08-25 05:54:53', '', '2025-08-25 05:54:53'),
(27, 'info', 'Nouvelle sauvegarde de la base de données créée : backup_20250826_183355.sql', NULL, '2025-08-26 16:33:55', '', '2025-08-26 16:33:55'),
(28, '', 'Nouvel événement : Evenement du 2025-08-28T20:42 au 2025-08-29T20:42', NULL, '2025-08-28 17:43:38', '', '2025-08-28 17:43:38'),
(74, 'paiement', 'vita', NULL, '2025-08-29 05:23:01', '', '2025-08-29 05:23:01'),
(75, 'reservation', 'Nouvelle réservation pour la salle Grande salle le 2025-08-29', NULL, '2025-08-29 06:36:57', '', '2025-08-29 06:36:57'),
(76, 'reservation', 'Nouvelle réservation pour la salle Petite salle le 2025-08-30', NULL, '2025-08-29 06:48:01', '', '2025-08-29 06:48:01'),
(77, 'reservation', 'Nouvelle réservation pour la salle Grande salle le 2025-08-31', NULL, '2025-08-29 06:50:43', '', '2025-08-29 06:50:43'),
(78, 'reservation', 'Nouvelle réservation pour la salle Petite salle le 2025-08-31', NULL, '2025-08-29 07:02:30', '', '2025-08-29 07:02:30'),
(79, 'info', 'J\'ai fini quelque objectif aujourd\'hui', NULL, '2025-08-29 15:42:53', '', '2025-08-29 15:42:53');

-- --------------------------------------------------------

--
-- Structure de la table `paiements`
--

CREATE TABLE `paiements` (
  `id` int(11) NOT NULL,
  `type_id` int(11) DEFAULT NULL,
  `personne_id` text DEFAULT NULL,
  `type_personne` text DEFAULT NULL,
  `mois` varchar(20) DEFAULT NULL,
  `annee_scolaire` varchar(20) DEFAULT NULL,
  `montant` decimal(10,2) DEFAULT NULL,
  `mode_paiement` text DEFAULT NULL,
  `statut` text DEFAULT NULL,
  `date_paiement` timestamp NOT NULL DEFAULT current_timestamp(),
  `description` text DEFAULT NULL
) ENGINE=InnoDB DEFAULT CHARSET=utf8mb4 COLLATE=utf8mb4_general_ci;

--
-- Déchargement des données de la table `paiements`
--

INSERT INTO `paiements` (`id`, `type_id`, `personne_id`, `type_personne`, `mois`, `annee_scolaire`, `montant`, `mode_paiement`, `statut`, `date_paiement`, `description`) VALUES
(35, 1, 'Erick FANAMBINANA', 'ECOLAGE Moyenne Section', 'Janvier', '2025-2026', 35000.00, 'Espèce', 'Payé', '2025-08-12 19:16:50', NULL);

-- --------------------------------------------------------

--
-- Structure de la table `paiements_assignes`
--

CREATE TABLE `paiements_assignes` (
  `id` int(11) NOT NULL,
  `type_id` int(11) NOT NULL,
  `eleve_id` int(11) NOT NULL,
  `statut` enum('non_paye','paye') DEFAULT 'non_paye',
  `type_personne` varchar(20) DEFAULT NULL,
  `person_id` int(11) DEFAULT NULL
) ENGINE=InnoDB DEFAULT CHARSET=utf8mb4 COLLATE=utf8mb4_general_ci;

--
-- Déchargement des données de la table `paiements_assignes`
--

INSERT INTO `paiements_assignes` (`id`, `type_id`, `eleve_id`, `statut`, `type_personne`, `person_id`) VALUES
(163, 18, 76, 'paye', NULL, NULL),
(164, 18, 77, 'non_paye', NULL, NULL),
(165, 18, 78, 'non_paye', NULL, NULL),
(166, 18, 79, 'non_paye', NULL, NULL),
(167, 18, 80, 'non_paye', NULL, NULL),
(168, 18, 81, 'non_paye', NULL, NULL),
(169, 18, 82, 'non_paye', NULL, NULL),
(170, 18, 83, 'non_paye', NULL, NULL),
(171, 18, 84, 'non_paye', NULL, NULL);

-- --------------------------------------------------------

--
-- Structure de la table `parametres`
--

CREATE TABLE `parametres` (
  `id` int(11) NOT NULL,
  `cle` varchar(50) NOT NULL,
  `valeur` text DEFAULT NULL
) ENGINE=InnoDB DEFAULT CHARSET=utf8mb4 COLLATE=utf8mb4_general_ci;

--
-- Déchargement des données de la table `parametres`
--

INSERT INTO `parametres` (`id`, `cle`, `valeur`) VALUES
(1, 'nom_ecole', 'Lycée Novaskol.mg'),
(2, 'adresse_ecole', '123 rue  Antananarivo'),
(3, 'telephone_ecole', '+261 38 77 299 58'),
(4, 'email_ecole', 'novaskol393@gmail.com'),
(5, 'logo_ecole', 'images/logo_68962d67b7770.png'),
(6, 'annee_scolaire', '2025-2026'),
(7, 'date_debut', '2025-08-01'),
(8, 'date_fin', '2026-08-30'),
(9, 'mention_passable', '10'),
(10, 'mention_assez_bien', '12'),
(11, 'mention_bien', '14'),
(12, 'mention_tres_bien', '16'),
(13, 'notifications_mail', '1');

-- --------------------------------------------------------

--
-- Structure de la table `parents`
--

CREATE TABLE `parents` (
  `parent` varchar(100) NOT NULL,
  `telephone` varchar(20) DEFAULT NULL,
  `annee_scolaire` varchar(10) DEFAULT NULL
) ENGINE=InnoDB DEFAULT CHARSET=utf8mb4 COLLATE=utf8mb4_general_ci;

--
-- Déchargement des données de la table `parents`
--

INSERT INTO `parents` (`parent`, `telephone`, `annee_scolaire`) VALUES
('RAKOTOARIJAONA Falimanantsoa Lazafaniry', '0341521658', '2025-2026'),
('RANDRIAMIFALY Tojo Nambinina', '0341523658', '2025-2026'),
('RAKONTONDRAZAKA Eviane', '0346545658', '2025-2026');

-- --------------------------------------------------------

--
-- Structure de la table `permissions`
--

CREATE TABLE `permissions` (
  `id` int(11) NOT NULL,
  `utilisateur_id` int(11) NOT NULL,
  `role` varchar(50) NOT NULL,
  `module` varchar(50) NOT NULL,
  `acces` varchar(20) NOT NULL
) ENGINE=InnoDB DEFAULT CHARSET=utf8mb4 COLLATE=utf8mb4_general_ci;

--
-- Déchargement des données de la table `permissions`
--

INSERT INTO `permissions` (`id`, `utilisateur_id`, `role`, `module`, `acces`) VALUES
(265, 7, 'enseignant', 'Administration', 'masquer'),
(266, 7, 'enseignant', 'dashboard', 'masquer'),
(267, 7, 'enseignant', 'ecole', 'masquer'),
(268, 7, 'enseignant', 'Admin', 'masquer'),
(269, 7, 'enseignant', 'inscription', 'masquer'),
(270, 7, 'enseignant', 'liste_classes', 'ecriture'),
(271, 7, 'enseignant', 'matieres', 'ecriture'),
(272, 7, 'enseignant', 'Enseignantss', 'masquer'),
(273, 7, 'enseignant', 'notes', 'ecriture'),
(274, 7, 'enseignant', 'bulletin', 'ecriture'),
(275, 7, 'enseignant', 'resultats', 'ecriture'),
(276, 7, 'enseignant', 'Pédagogique', 'masquer'),
(277, 7, 'enseignant', 'emploi_temps', 'ecriture'),
(278, 7, 'enseignant', 'calendrier', 'ecriture'),
(279, 7, 'enseignant', 'notifications', 'masquer'),
(280, 7, 'enseignant', 'cartes', 'masquer'),
(281, 7, 'enseignant', 'depot_dossier', 'ecriture'),
(282, 7, 'enseignant', 'RH', 'masquer'),
(283, 7, 'enseignant', 'enseignants', 'masquer'),
(284, 7, 'enseignant', 'staff', 'masquer'),
(285, 7, 'enseignant', 'presence', 'masquer'),
(286, 7, 'enseignant', 'permissions', 'masquer'),
(287, 7, 'enseignant', 'gestion_ressource', 'masquer'),
(288, 7, 'enseignant', 'Paiement', 'masquer'),
(289, 7, 'enseignant', 'detail_paiement', 'masquer'),
(290, 7, 'enseignant', 'comptable', 'masquer'),
(291, 7, 'enseignant', 'liste_paiements', 'masquer'),
(292, 7, 'enseignant', 'Sectrapport', 'masquer'),
(293, 7, 'enseignant', 'rapport_comptable', 'masquer'),
(294, 7, 'enseignant', 'rapport_presence', 'ecriture'),
(295, 7, 'enseignant', 'evaluation_notes', 'ecriture'),
(296, 7, 'enseignant', 'Sectrapp', 'masquer'),
(297, 7, 'enseignant', 'parametres', 'masquer'),
(298, 7, 'enseignant', 'sauvegardes', 'masquer'),
(299, 4, 'enseignant', 'Administration', 'masquer'),
(300, 4, 'enseignant', 'dashboard', 'ecriture'),
(301, 4, 'enseignant', 'ecole', 'ecriture'),
(302, 4, 'enseignant', 'Admin', 'masquer'),
(303, 4, 'enseignant', 'inscription', 'ecriture'),
(304, 4, 'enseignant', 'liste_classes', 'masquer'),
(305, 4, 'enseignant', 'matieres', 'masquer'),
(306, 4, 'enseignant', 'Enseignantss', 'masquer'),
(307, 4, 'enseignant', 'notes', 'ecriture'),
(308, 4, 'enseignant', 'bulletin', 'ecriture'),
(309, 4, 'enseignant', 'resultats', 'ecriture'),
(310, 4, 'enseignant', 'Pédagogique', 'masquer'),
(311, 4, 'enseignant', 'emploi_temps', 'ecriture'),
(312, 4, 'enseignant', 'calendrier', 'ecriture'),
(313, 4, 'enseignant', 'notifications', 'ecriture'),
(314, 4, 'enseignant', 'cartes', 'masquer'),
(315, 4, 'enseignant', 'depot_dossier', 'ecriture'),
(316, 4, 'enseignant', 'RH', 'masquer'),
(317, 4, 'enseignant', 'enseignants', 'masquer'),
(318, 4, 'enseignant', 'staff', 'masquer'),
(319, 4, 'enseignant', 'presence', 'ecriture'),
(320, 4, 'enseignant', 'permissions', 'masquer'),
(321, 4, 'enseignant', 'gestion_ressource', 'ecriture'),
(322, 4, 'enseignant', 'Paiement', 'masquer'),
(323, 4, 'enseignant', 'detail_paiement', 'masquer'),
(324, 4, 'enseignant', 'comptable', 'masquer'),
(325, 4, 'enseignant', 'liste_paiements', 'masquer'),
(326, 4, 'enseignant', 'Sectrapport', 'masquer'),
(327, 4, 'enseignant', 'rapport_comptable', 'masquer'),
(328, 4, 'enseignant', 'rapport_presence', 'masquer'),
(329, 4, 'enseignant', 'evaluation_notes', 'ecriture'),
(330, 4, 'enseignant', 'Sectrapp', 'masquer'),
(331, 4, 'enseignant', 'parametres', 'masquer'),
(332, 4, 'enseignant', 'sauvegardes', 'masquer');

-- --------------------------------------------------------

--
-- Structure de la table `personnes`
--

CREATE TABLE `personnes` (
  `id` int(11) NOT NULL,
  `nom` varchar(255) NOT NULL,
  `prenom` varchar(255) NOT NULL,
  `classes` enum('eleve','professeur','staff') NOT NULL,
  `id_personne` int(11) NOT NULL
) ENGINE=InnoDB DEFAULT CHARSET=utf8mb4 COLLATE=utf8mb4_general_ci;

--
-- Déchargement des données de la table `personnes`
--

INSERT INTO `personnes` (`id`, `nom`, `prenom`, `classes`, `id_personne`) VALUES
(1, 'RANTY', 'Nomena', 'eleve', 66),
(2, 'RANTY', 'Landry', 'eleve', 67),
(3, 'RANTY', 'Lova', 'eleve', 68),
(4, 'RANTY', 'Rajo', 'eleve', 69),
(5, 'RANTY', 'Toavina', 'eleve', 70),
(6, 'RANTY', 'Kanto', 'eleve', 71),
(7, 'RANTY', 'Nambinina', 'eleve', 72),
(8, 'RANTY', 'Elia', 'eleve', 73),
(9, 'RANTY', 'Elio', 'eleve', 74),
(10, 'RANTY', 'Fitia', 'eleve', 75),
(11, 'RANDRIA', 'Erick', 'eleve', 76),
(12, 'RAHERY', 'Nantenaina', 'eleve', 77),
(13, 'EDOUANE', 'Narovana', 'eleve', 78),
(14, 'ARIFIDY', 'Franck', 'eleve', 79),
(15, 'ARIANE', 'Finiavana', 'eleve', 80),
(16, 'ANJOUANE', 'Frederick', 'eleve', 81),
(17, 'DIARY', 'Edward', 'eleve', 82),
(18, 'ROJO', 'Fillipe', 'eleve', 83),
(19, 'FONTAINE', 'Florat', 'eleve', 84),
(20, 'HERINIAINA', 'Fy', 'eleve', 86),
(21, 'RENIANH', 'Abraham', 'eleve', 88),
(22, 'RENIANH', 'Edward', 'eleve', 89),
(23, 'RENIANH', 'Arian', 'eleve', 90),
(24, 'RENIANH', 'Erickah', 'eleve', 91),
(25, 'RENIANH', 'Douaniah', 'eleve', 92),
(26, 'RENIANH', 'Didiah', 'eleve', 93),
(27, 'RENIANH', 'Edyy', 'eleve', 94),
(28, 'RENIANH', 'Elouh', 'eleve', 95),
(29, 'RENIANH', 'Nathoun', 'eleve', 96),
(30, 'RENIANH', 'Abraham', 'eleve', 97),
(31, 'RENIANH', 'Edward', 'eleve', 98),
(32, 'RENIANH', 'Arian', 'eleve', 99),
(33, 'RENIANH', 'Erickah', 'eleve', 100),
(34, 'RENIANH', 'Douaniah', 'eleve', 101),
(35, 'RENIANH', 'Didiah', 'eleve', 102),
(36, 'RENIANH', 'Edyy', 'eleve', 103),
(37, 'RENIANH', 'Elouh', 'eleve', 104),
(38, 'RENIANH', 'Nathoun', 'eleve', 105),
(39, 'HERICK', 'Faly', 'eleve', 106),
(40, 'RAVOLOLOARIMANANA', 'Nantenaina', 'eleve', 108),
(41, 'ELIFA', 'Faniry', 'eleve', 109),
(42, 'ELIFA', 'Dony', 'eleve', 110),
(43, 'ELIFA', 'Danih', 'eleve', 111),
(44, 'ELIFA', 'Edy', 'eleve', 112),
(45, 'ELIFA', 'Floria', 'eleve', 113),
(46, 'ELIFA', 'Vony', 'eleve', 114),
(47, 'ELIFA', 'Vaniah', 'eleve', 115),
(48, 'ELIFA', 'Shania', 'eleve', 116),
(49, 'ELIFA', 'Océane', 'eleve', 117),
(50, 'ANDRI', 'Tojo', 'eleve', 118),
(51, 'ANDRI', 'Faly', 'eleve', 119),
(52, 'ANDRI', 'Rojo', 'eleve', 120),
(53, 'ANDRI', 'Finiavana', 'eleve', 122),
(54, 'ANDRI', 'Rantsy', 'eleve', 123),
(55, 'ANDRI', 'Rindra', 'eleve', 125),
(56, 'ANDRI', 'Andryh', 'eleve', 126),
(57, 'ANDRI', 'Fidy', 'eleve', 128),
(58, 'ANDRI', 'Marthe', 'eleve', 129),
(59, 'ANDRI', 'Mariethe', 'eleve', 130),
(60, 'ANDRI', 'Elio', 'eleve', 131),
(61, 'ANDRI', 'Jade', 'eleve', 132),
(64, 'RANDRIAMIFALY', 'Tojo Nambinina', 'professeur', 1),
(65, 'RANDRIAMIFALY', 'Heriniaina', 'professeur', 2),
(67, 'TOVO', 'Jey', 'staff', 1),
(68, 'RAKOTOARIJAONA', 'FALIMANANTSOA LAZAFANIRY', 'staff', 2);

-- --------------------------------------------------------

--
-- Structure de la table `presence_personnels`
--

CREATE TABLE `presence_personnels` (
  `id` int(11) NOT NULL,
  `personne_id` int(11) DEFAULT NULL,
  `annee_scolaire` varchar(20) DEFAULT NULL,
  `mois` varchar(20) DEFAULT NULL,
  `date_jour` date DEFAULT NULL,
  `presence` tinyint(1) DEFAULT NULL,
  `date_enregistrement` timestamp NOT NULL DEFAULT current_timestamp(),
  `retard` tinyint(1) DEFAULT 0
) ENGINE=InnoDB DEFAULT CHARSET=utf8mb4 COLLATE=utf8mb4_general_ci;

--
-- Déchargement des données de la table `presence_personnels`
--

INSERT INTO `presence_personnels` (`id`, `personne_id`, `annee_scolaire`, `mois`, `date_jour`, `presence`, `date_enregistrement`, `retard`) VALUES
(65, 5, '2025', '08', '2025-08-30', 1, '2025-08-30 19:55:29', 0),
(66, 1, '2025', '08', '2025-08-30', 1, '2025-08-30 19:56:27', 0),
(67, 4, '2025', '08', '2025-08-30', 1, '2025-08-30 20:35:58', 0),
(68, 2, '2025', '08', '2025-08-30', 1, '2025-08-30 20:36:22', 0),
(69, 5, '2025', '08', '2025-08-29', 1, '2025-08-30 20:36:34', 0),
(70, 4, '2025', '08', '2025-08-28', 1, '2025-08-30 20:46:12', 0);

-- --------------------------------------------------------

--
-- Structure de la table `presence_staff`
--

CREATE TABLE `presence_staff` (
  `id` int(11) NOT NULL,
  `personne_id` int(11) DEFAULT NULL,
  `annee_scolaire` varchar(20) DEFAULT NULL,
  `mois` varchar(20) DEFAULT NULL,
  `date_jour` date DEFAULT NULL,
  `presence` tinyint(1) DEFAULT NULL,
  `date_enregistrement` timestamp NOT NULL DEFAULT current_timestamp(),
  `retard` tinyint(1) DEFAULT 0
) ENGINE=InnoDB DEFAULT CHARSET=utf8mb4 COLLATE=utf8mb4_general_ci;

--
-- Déchargement des données de la table `presence_staff`
--

INSERT INTO `presence_staff` (`id`, `personne_id`, `annee_scolaire`, `mois`, `date_jour`, `presence`, `date_enregistrement`, `retard`) VALUES
(8, 3, '2025', '08', '2025-08-31', 1, '2025-08-30 21:22:47', 0),
(9, 4, '2025', '08', '2025-08-30', 1, '2025-08-30 21:22:59', 0);

-- --------------------------------------------------------

--
-- Structure de la table `professeurs`
--

CREATE TABLE `professeurs` (
  `id` int(11) NOT NULL,
  `nom` varchar(100) NOT NULL,
  `prenom` varchar(100) NOT NULL,
  `email` varchar(100) NOT NULL,
  `photo` varchar(255) DEFAULT NULL,
  `annee_scolaire` varchar(20) DEFAULT NULL,
  `date_inscription` timestamp NOT NULL DEFAULT current_timestamp(),
  `telephone` varchar(20) NOT NULL,
  `matiere_id` int(11) DEFAULT NULL
) ENGINE=InnoDB DEFAULT CHARSET=utf8mb4 COLLATE=utf8mb4_general_ci;

--
-- Déchargement des données de la table `professeurs`
--

INSERT INTO `professeurs` (`id`, `nom`, `prenom`, `email`, `photo`, `annee_scolaire`, `date_inscription`, `telephone`, `matiere_id`) VALUES
(1, 'RANDRIAMIFALY', 'Tojo Nambinina', 'tojo@gmail.com', 'images/prof_6895d2960626a.jpg', '2025-2026', '2025-08-08 10:33:58', '0346578998', 13),
(2, 'RANDRIAMIFALY', 'Heriniaina', 'heru@gmail.com', 'images/prof_6895d35a32c94.jpg', '2025-2026', '2025-08-08 10:37:14', '0346558998', 18),
(4, 'PERSEVERANCE', 'Pain', 'pain@gmail.com', 'images/prof_689dd4c1bf6c0.jpg', '2025-2026', '2025-08-14 12:21:21', '0387729952', 13),
(5, 'EDWARD', 'Tojo Victoire', 'trandriamifalyH@gmail.com', 'images/prof_68af682233af3.jpg', '2025-2026', '2025-08-27 20:18:42', '0387729954', 33);

-- --------------------------------------------------------

--
-- Structure de la table `remarques`
--

CREATE TABLE `remarques` (
  `id_eleve` int(11) DEFAULT NULL,
  `trimestre` int(11) DEFAULT NULL,
  `remarque` text DEFAULT NULL,
  `annee_scolaire` varchar(9) NOT NULL
) ENGINE=InnoDB DEFAULT CHARSET=utf8mb4 COLLATE=utf8mb4_general_ci;

--
-- Déchargement des données de la table `remarques`
--

INSERT INTO `remarques` (`id_eleve`, `trimestre`, `remarque`, `annee_scolaire`) VALUES
(106, 1, 'Assez-bien', ''),
(86, 1, 'Assez-bien', ''),
(88, 1, 'Bien', ''),
(90, 1, 'Très bien', ''),
(93, 1, 'Bien', ''),
(92, 1, 'Assez-bien', ''),
(89, 1, 'Bien', ''),
(94, 1, 'Passable', ''),
(95, 1, 'Bien', ''),
(91, 1, 'Assez-bien', ''),
(96, 1, 'Assez-bien', ''),
(111, 1, 'Assez-bien', ''),
(110, 1, 'Bien', ''),
(112, 1, 'Bien', ''),
(109, 1, 'Très bien', ''),
(113, 1, 'Assez-bien', ''),
(117, 1, 'Bien', ''),
(116, 1, 'Assez-bien', ''),
(115, 1, 'Très bien', ''),
(114, 1, 'Bien', ''),
(108, 1, 'Très bien', ''),
(73, 1, 'Passable', ''),
(74, 1, 'Médiocre', ''),
(75, 1, 'Médiocre', ''),
(71, 1, 'Assez-bien', ''),
(67, 1, 'Passable', ''),
(68, 1, 'Assez-bien', ''),
(72, 1, 'Assez-bien', ''),
(66, 1, 'Assez-bien', ''),
(69, 1, 'Assez-bien', ''),
(70, 1, 'Assez-bien', ''),
(97, 1, 'Assez-bien', ''),
(99, 1, 'Assez-bien', ''),
(102, 1, 'Assez-bien', ''),
(101, 1, 'Assez-bien', ''),
(98, 1, 'Excellent', ''),
(103, 1, 'Assez-bien', ''),
(104, 1, 'Bien', ''),
(100, 1, 'Assez-bien', ''),
(105, 1, 'Assez-bien', ''),
(106, 2, 'Bien', ''),
(86, 2, 'Assez-bien', ''),
(88, 2, 'Très bien', ''),
(90, 2, 'Bien', ''),
(93, 2, 'Bien', ''),
(92, 2, 'Bien', ''),
(89, 2, 'Assez-bien', ''),
(94, 2, 'Bien', ''),
(95, 2, 'Excellent', ''),
(91, 2, 'Très bien', ''),
(96, 2, 'Bien', ''),
(81, 1, 'Assez-bien', ''),
(80, 1, 'Médiocre', ''),
(79, 1, 'Bien', ''),
(82, 1, 'Bien', ''),
(78, 1, 'Bien', ''),
(84, 1, 'Très bien', ''),
(77, 1, 'Assez-bien', ''),
(76, 1, 'Bien', ''),
(83, 1, 'Passable', ''),
(133, 1, 'Bien', '');

-- --------------------------------------------------------

--
-- Structure de la table `reservations`
--

CREATE TABLE `reservations` (
  `id_salle` int(11) NOT NULL,
  `nom` varchar(50) NOT NULL,
  `salle` varchar(100) NOT NULL,
  `date_reservation` timestamp NULL DEFAULT NULL
) ENGINE=InnoDB DEFAULT CHARSET=utf8mb4 COLLATE=utf8mb4_general_ci;

-- --------------------------------------------------------

--
-- Structure de la table `reservations_ressources`
--

CREATE TABLE `reservations_ressources` (
  `id` int(11) NOT NULL,
  `id_salle` int(11) NOT NULL,
  `date_reservation` datetime NOT NULL,
  `utilisateur` int(11) NOT NULL,
  `utilisateur_id` int(11) NOT NULL,
  `heure_debut` time NOT NULL,
  `heure_fin` time NOT NULL,
  `statut` enum('confirmé','annulé') DEFAULT 'confirmé',
  `description` text DEFAULT NULL
) ENGINE=InnoDB DEFAULT CHARSET=utf8mb4 COLLATE=utf8mb4_general_ci;

--
-- Déchargement des données de la table `reservations_ressources`
--

INSERT INTO `reservations_ressources` (`id`, `id_salle`, `date_reservation`, `utilisateur`, `utilisateur_id`, `heure_debut`, `heure_fin`, `statut`, `description`) VALUES
(1, 4, '2025-08-15 00:00:00', 0, 0, '00:00:00', '00:00:00', 'confirmé', 'Cette salle sera réservé pour une réunion des administratif '),
(3, 4, '2025-08-15 00:00:00', 0, 0, '00:00:00', '00:00:00', 'confirmé', 'Réunion pour les administratifs'),
(4, 4, '2025-08-29 00:00:00', 0, 0, '00:00:00', '00:00:00', 'confirmé', 'Veuillez évacuer cette salle!'),
(5, 5, '2025-08-30 00:00:00', 0, 0, '00:00:00', '12:00:00', 'confirmé', 'Appels au réunions à tous les personnels!'),
(6, 4, '2025-08-31 00:00:00', 0, 0, '14:00:00', '16:00:00', 'confirmé', 'Appels au réunion à tous les administraterus'),
(7, 5, '2025-08-31 00:00:00', 0, 0, '10:00:00', '12:00:00', 'confirmé', 'Apportez vos fiches personnels');

-- --------------------------------------------------------

--
-- Structure de la table `ressources`
--

CREATE TABLE `ressources` (
  `id` int(11) NOT NULL,
  `nom` varchar(255) NOT NULL,
  `categorie` varchar(100) DEFAULT NULL,
  `quantite` int(11) DEFAULT 1,
  `statut` enum('disponible','réservé','en maintenance') DEFAULT 'disponible'
) ENGINE=InnoDB DEFAULT CHARSET=utf8mb4 COLLATE=utf8mb4_general_ci;

-- --------------------------------------------------------

--
-- Structure de la table `retards_personnels`
--

CREATE TABLE `retards_personnels` (
  `id` int(11) NOT NULL,
  `personne_id` int(11) NOT NULL,
  `annee_scolaire` varchar(20) NOT NULL,
  `mois` varchar(20) NOT NULL,
  `date_jour` date NOT NULL,
  `retard` tinyint(1) DEFAULT 0,
  `date_enregistrement` timestamp NOT NULL DEFAULT current_timestamp()
) ENGINE=InnoDB DEFAULT CHARSET=utf8mb4 COLLATE=utf8mb4_general_ci;

-- --------------------------------------------------------

--
-- Structure de la table `revenus`
--

CREATE TABLE `revenus` (
  `id` int(11) NOT NULL,
  `type_id` int(11) DEFAULT NULL,
  `personne_id` text DEFAULT NULL,
  `classes` varchar(20) DEFAULT NULL,
  `mois` varchar(20) DEFAULT NULL,
  `annee_scolaire` varchar(20) DEFAULT NULL,
  `montant` decimal(10,2) DEFAULT NULL,
  `description` text DEFAULT NULL,
  `mode_paiement` text DEFAULT NULL,
  `statut` text DEFAULT NULL,
  `categorie` varchar(20) DEFAULT NULL,
  `date_enregistrement` timestamp NOT NULL DEFAULT current_timestamp()
) ENGINE=InnoDB DEFAULT CHARSET=utf8mb4 COLLATE=utf8mb4_general_ci;

--
-- Déchargement des données de la table `revenus`
--

INSERT INTO `revenus` (`id`, `type_id`, `personne_id`, `classes`, `mois`, `annee_scolaire`, `montant`, `description`, `mode_paiement`, `statut`, `categorie`, `date_enregistrement`) VALUES
(17, 1, 'Erick FANAMBINANA', 'Grande Section', 'Janvier', '2025-2026', 150000.00, 'Paiement d\'écolage', 'Espèce', 'complet', 'Ecolage', '2025-08-13 07:33:42'),
(18, 1, 'Erick FANAMBINANA', 'Moyenne section', 'Janvier', '2025-2026', 150000.00, 'Paiement d\'écolage', 'Espèce', 'partiel', 'Ecolage', '2025-08-13 07:34:29'),
(19, 13, '77', 'Moyenne Section', 'Février', '2025-2026', 150000.00, 'Ecolage', 'Espèce', 'complet', 'Ecolage', '2025-08-13 13:41:51'),
(20, 14, '72', 'Petite Section', 'Janvier', '2025-2026', 320000.00, 'Ecolage', 'Espèce', 'complet', 'Ecolage', '2025-08-13 19:12:26'),
(21, 14, '97', 'Petite Section', 'Janvier', '2025-2026', 320000.00, 'Ecolage', 'Espèce', 'complet', 'Ecolage', '2025-08-14 06:01:35'),
(22, 13, '76', 'Moyenne Section', 'Février', '2025-2026', 150000.00, 'Ecolage', 'Espèce', 'partiel', 'Ecolage', '2025-08-14 11:44:12'),
(23, 13, '76', 'Moyenne Section', 'Février', '2025-2026', 150000.00, 'Ecolage', 'Espèce', 'complet', 'Ecolage', '2025-08-14 11:44:44'),
(24, 13, '79', 'Moyenne Section', 'Février', '2025-2026', 150000.00, 'Ecolage', 'Espèce', 'complet', 'Ecolage', '2025-08-15 07:21:17'),
(25, 14, '66', '1ère', 'Janvier', '2025-2026', 320000.00, 'Ecolage', 'Espèce', 'complet', 'Ecolage', '2025-08-26 16:00:44'),
(26, 17, '66', '1ère', 'Janvier', '2025-2026', 1500.00, 'Famangiana', 'Espèce', 'complet', 'Ecolage', '2025-08-27 04:57:14'),
(27, 17, '108', '1ère', 'Janvier', '2025-2026', 1500.00, 'Famangiana', 'Espèce', 'complet', 'Ecolage', '2025-08-29 05:27:05'),
(28, 18, '76', 'Moyenne Section', 'Mars', '2025-2026', 200000.00, 'Ecolage', 'Espèce', 'complet', 'Ecolage', '2025-08-30 04:12:49');

-- --------------------------------------------------------

--
-- Structure de la table `roles`
--

CREATE TABLE `roles` (
  `id` int(11) NOT NULL,
  `nom` varchar(100) NOT NULL
) ENGINE=InnoDB DEFAULT CHARSET=utf8mb4 COLLATE=utf8mb4_general_ci;

--
-- Déchargement des données de la table `roles`
--

INSERT INTO `roles` (`id`, `nom`) VALUES
(1, 'Secrétaire'),
(2, 'Comptable'),
(3, 'RH'),
(4, 'Assistant'),
(5, 'Autre');

-- --------------------------------------------------------

--
-- Structure de la table `salles`
--

CREATE TABLE `salles` (
  `id` int(11) NOT NULL,
  `nom` varchar(50) NOT NULL,
  `capacite` varchar(30) DEFAULT NULL,
  `description` text DEFAULT NULL
) ENGINE=InnoDB DEFAULT CHARSET=utf8mb4 COLLATE=utf8mb4_general_ci;

--
-- Déchargement des données de la table `salles`
--

INSERT INTO `salles` (`id`, `nom`, `capacite`, `description`) VALUES
(4, 'Grande salle', '35', 'Réserver pour la classe de petite section seulement'),
(5, 'Petite salle', '100', 'Pour évènement scolaire');

-- --------------------------------------------------------

--
-- Structure de la table `staff`
--

CREATE TABLE `staff` (
  `id` int(11) NOT NULL,
  `nom` varchar(100) NOT NULL,
  `prenom` varchar(100) NOT NULL,
  `email` varchar(150) NOT NULL,
  `photo` varchar(255) DEFAULT NULL,
  `annee_scolaire` varchar(20) DEFAULT NULL,
  `date_inscription` timestamp NOT NULL DEFAULT current_timestamp(),
  `telephone` varchar(20) NOT NULL,
  `role_id` int(11) DEFAULT NULL
) ENGINE=InnoDB DEFAULT CHARSET=utf8mb4 COLLATE=utf8mb4_general_ci;

--
-- Déchargement des données de la table `staff`
--

INSERT INTO `staff` (`id`, `nom`, `prenom`, `email`, `photo`, `annee_scolaire`, `date_inscription`, `telephone`, `role_id`) VALUES
(1, 'TOVO', 'Jey', 'jey@gmail.com', 'images/staff_6895d3de1f251.jpg', '2025-2026', '2025-08-08 10:39:26', '0332525655', 3),
(2, 'RAKOTOARIJAONA', 'FALIMANANTSOA LAZAFANIRY', 'faniry@gmail.com', 'images/staff_68addcd9319c5.jpg', '2025-2026', '2025-08-09 14:06:07', '0332545655', 2),
(3, 'FRIDICH', 'Eidan', 'eidan@gmail.com', 'images/staff_68af691619fba.jpg', '2025-2026', '2025-08-27 20:22:46', '0385254856', 3),
(4, 'Ariane', 'HENRY', 'ariane@gmail.com', 'images/staff_68b28930578c8.jpg', '2025-2026', '2025-08-30 05:16:32', '0335668545', 2),
(5, 'Ariane', 'FRANCOIS', 'francois@gmail.com', 'images/staff_68b289e311354.jpg', '2025-2026', '2025-08-30 05:19:31', '0335668548', 1),
(6, 'Ariane', 'HENR', 'francis@gmail.com', 'images/staff_68b28a3f54b44.jpg', '2025-2026', '2025-08-30 05:21:03', '0335668514', 3),
(7, 'Aria', 'FRANCO', 'francis@gmail.com', 'images/staff_68b28b58eb7d2.jpg', '2025-2026', '2025-08-30 05:25:44', '0335668549', 4);

-- --------------------------------------------------------

--
-- Structure de la table `types_paiements`
--

CREATE TABLE `types_paiements` (
  `id` int(11) NOT NULL,
  `nom` varchar(100) DEFAULT NULL,
  `montant` decimal(10,2) DEFAULT NULL,
  `mois` longtext CHARACTER SET utf8mb4 COLLATE utf8mb4_bin DEFAULT NULL CHECK (json_valid(`mois`)),
  `date_creation` timestamp NOT NULL DEFAULT current_timestamp(),
  `classe` varchar(50) NOT NULL,
  `date_debut` date NOT NULL,
  `date_fin` date NOT NULL,
  `id_classe` int(11) NOT NULL,
  `type_personne` varchar(20) DEFAULT NULL,
  `person_id` int(11) DEFAULT NULL
) ENGINE=InnoDB DEFAULT CHARSET=utf8mb4 COLLATE=utf8mb4_general_ci;

--
-- Déchargement des données de la table `types_paiements`
--

INSERT INTO `types_paiements` (`id`, `nom`, `montant`, `mois`, `date_creation`, `classe`, `date_debut`, `date_fin`, `id_classe`, `type_personne`, `person_id`) VALUES
(18, 'Ecolage', 200000.00, '[\"Mars\"]', '2025-08-30 04:12:11', 'Moyenne Section', '2025-08-30', '2025-08-31', 2, NULL, NULL);

-- --------------------------------------------------------

--
-- Structure de la table `utilisateurs`
--

CREATE TABLE `utilisateurs` (
  `id` int(11) NOT NULL,
  `nom` varchar(100) NOT NULL,
  `email` varchar(100) NOT NULL,
  `mot_de_passe` varchar(255) NOT NULL,
  `role` enum('admin','enseignant') NOT NULL DEFAULT 'enseignant',
  `cree_le` datetime DEFAULT current_timestamp()
) ENGINE=InnoDB DEFAULT CHARSET=utf8mb4 COLLATE=utf8mb4_general_ci;

--
-- Déchargement des données de la table `utilisateurs`
--

INSERT INTO `utilisateurs` (`id`, `nom`, `email`, `mot_de_passe`, `role`, `cree_le`) VALUES
(1, 'RANDRIMIFALY Tojo Nambinina', 'novaskol@gmail.com', '$2y$10$6abAEYREP9rpPfWzz98oGumv.ezZEtDotx0JWpVFihZZ6D5mbabOG', 'admin', '2025-07-11 14:45:21'),
(2, 'RANDRIMIFALY Tojo Nambinina', 'tojonahrandria@gmail.com', '$2y$10$oc91TX3f0wMgFOI02bS7tO5dV1K99nIw2a19SMUcVcMmflW9eiCpK', 'admin', '2025-07-11 14:48:44'),
(3, 'Nathaelah ANDRIANIRINA', 'nathaelah@gmail.com', '$2y$10$IlT8gn17nRC2i0B0qKh9BOFAWGWtBXpRXXmYrqm7NsS5RlVMEt.NS', 'enseignant', '2025-07-11 14:53:11'),
(4, 'RANDRIAMIFALY Tojo Nambinina', 'trandriamifaly@gmail.com', '$2y$10$yq1Prvc2ZlXeSTXU0XJNo.XiwBpxNOF6ch1Bmyh5TWTUD4mzkG1HS', 'enseignant', '2025-07-11 15:59:48'),
(5, 'mifaly', 'mifaly@gmail.com', '$2y$10$DjHR/V6wMoMo/Q54UxO.x.4r3Kq15Y52g3mE7zYH1rKUYy88wBIte', 'enseignant', '2025-07-11 16:23:15'),
(6, 'Mikanto MIHAJA', 'mikanto@gmail.com', '$2y$10$vFtlkf4ZA3xLeDV65k0c7enV0P22lL9UgFKhX7EsG9/QmqfmiBCu6', 'enseignant', '2025-08-07 13:02:03'),
(7, 'RAFALIHERY Todisoa Narovana', 'todisoa@gmail.com', '$2y$10$GnO2Rs/TZt77CdMy9b7tAuDQ43oIxINXRoKvD7m4FVAlKSXMnYDF2', 'enseignant', '2025-08-07 13:21:50'),
(8, 'DIARY Nirina', 'ravo@gmail.com', '$2y$10$6zxgrVcSRl0iiCPgBGH5e.5AWp/arl1xpzXVNRYSznlv3.vfsSme.', 'admin', '2025-08-25 20:13:57');

--
-- Index pour les tables déchargées
--

--
-- Index pour la table `bulletins`
--
ALTER TABLE `bulletins`
  ADD PRIMARY KEY (`id`),
  ADD KEY `id_eleve` (`id_eleve`);

--
-- Index pour la table `classes`
--
ALTER TABLE `classes`
  ADD PRIMARY KEY (`id`);

--
-- Index pour la table `classe_matieres`
--
ALTER TABLE `classe_matieres`
  ADD PRIMARY KEY (`id_classe`,`id_matiere`),
  ADD KEY `id_matiere` (`id_matiere`);

--
-- Index pour la table `depenses`
--
ALTER TABLE `depenses`
  ADD PRIMARY KEY (`id`),
  ADD KEY `idx_depenses_annee_mois` (`annee_scolaire`,`mois`),
  ADD KEY `idx_depenses_date` (`date_enregistrement`),
  ADD KEY `idx_depenses_filters` (`type_personne`,`mois`,`annee_scolaire`,`date_enregistrement`);

--
-- Index pour la table `dossiers`
--
ALTER TABLE `dossiers`
  ADD PRIMARY KEY (`id`);

--
-- Index pour la table `eleves`
--
ALTER TABLE `eleves`
  ADD PRIMARY KEY (`id`),
  ADD KEY `id_classe` (`id_classe`);

--
-- Index pour la table `emploi_du_temps`
--
ALTER TABLE `emploi_du_temps`
  ADD PRIMARY KEY (`id`),
  ADD KEY `id_classe` (`id_classe`);

--
-- Index pour la table `enseignants`
--
ALTER TABLE `enseignants`
  ADD PRIMARY KEY (`id`),
  ADD UNIQUE KEY `email` (`email`);

--
-- Index pour la table `equipements`
--
ALTER TABLE `equipements`
  ADD PRIMARY KEY (`id`);

--
-- Index pour la table `evenements`
--
ALTER TABLE `evenements`
  ADD PRIMARY KEY (`id`);

--
-- Index pour la table `fichiers`
--
ALTER TABLE `fichiers`
  ADD PRIMARY KEY (`id`);

--
-- Index pour la table `matieres`
--
ALTER TABLE `matieres`
  ADD PRIMARY KEY (`id`);

--
-- Index pour la table `notes`
--
ALTER TABLE `notes`
  ADD PRIMARY KEY (`id`),
  ADD KEY `id_eleve` (`id_eleve`),
  ADD KEY `id_matiere` (`id_matiere`);

--
-- Index pour la table `notifications`
--
ALTER TABLE `notifications`
  ADD PRIMARY KEY (`id`);

--
-- Index pour la table `paiements`
--
ALTER TABLE `paiements`
  ADD PRIMARY KEY (`id`);

--
-- Index pour la table `paiements_assignes`
--
ALTER TABLE `paiements_assignes`
  ADD PRIMARY KEY (`id`),
  ADD KEY `type_id` (`type_id`),
  ADD KEY `eleve_id` (`eleve_id`);

--
-- Index pour la table `parametres`
--
ALTER TABLE `parametres`
  ADD PRIMARY KEY (`id`),
  ADD UNIQUE KEY `cle` (`cle`);

--
-- Index pour la table `permissions`
--
ALTER TABLE `permissions`
  ADD PRIMARY KEY (`id`),
  ADD KEY `utilisateur_id` (`utilisateur_id`);

--
-- Index pour la table `personnes`
--
ALTER TABLE `personnes`
  ADD PRIMARY KEY (`id`),
  ADD UNIQUE KEY `type_personne` (`classes`,`id_personne`);

--
-- Index pour la table `presence_personnels`
--
ALTER TABLE `presence_personnels`
  ADD PRIMARY KEY (`id`);

--
-- Index pour la table `presence_staff`
--
ALTER TABLE `presence_staff`
  ADD PRIMARY KEY (`id`);

--
-- Index pour la table `professeurs`
--
ALTER TABLE `professeurs`
  ADD PRIMARY KEY (`id`),
  ADD KEY `matiere_id` (`matiere_id`);

--
-- Index pour la table `reservations`
--
ALTER TABLE `reservations`
  ADD PRIMARY KEY (`id_salle`);

--
-- Index pour la table `reservations_ressources`
--
ALTER TABLE `reservations_ressources`
  ADD PRIMARY KEY (`id`,`id_salle`);

--
-- Index pour la table `ressources`
--
ALTER TABLE `ressources`
  ADD PRIMARY KEY (`id`);

--
-- Index pour la table `retards_personnels`
--
ALTER TABLE `retards_personnels`
  ADD PRIMARY KEY (`id`);

--
-- Index pour la table `revenus`
--
ALTER TABLE `revenus`
  ADD PRIMARY KEY (`id`),
  ADD KEY `idx_revenus_annee_mois` (`annee_scolaire`,`mois`),
  ADD KEY `idx_revenus_date` (`date_enregistrement`),
  ADD KEY `idx_revenus_filters` (`classes`,`mois`,`annee_scolaire`,`date_enregistrement`);

--
-- Index pour la table `roles`
--
ALTER TABLE `roles`
  ADD PRIMARY KEY (`id`);

--
-- Index pour la table `salles`
--
ALTER TABLE `salles`
  ADD PRIMARY KEY (`id`);

--
-- Index pour la table `staff`
--
ALTER TABLE `staff`
  ADD PRIMARY KEY (`id`),
  ADD KEY `role_id` (`role_id`);

--
-- Index pour la table `types_paiements`
--
ALTER TABLE `types_paiements`
  ADD PRIMARY KEY (`id`);

--
-- Index pour la table `utilisateurs`
--
ALTER TABLE `utilisateurs`
  ADD PRIMARY KEY (`id`),
  ADD UNIQUE KEY `email` (`email`);

--
-- AUTO_INCREMENT pour les tables déchargées
--

--
-- AUTO_INCREMENT pour la table `bulletins`
--
ALTER TABLE `bulletins`
  MODIFY `id` int(11) NOT NULL AUTO_INCREMENT;

--
-- AUTO_INCREMENT pour la table `classes`
--
ALTER TABLE `classes`
  MODIFY `id` int(11) NOT NULL AUTO_INCREMENT, AUTO_INCREMENT=44;

--
-- AUTO_INCREMENT pour la table `depenses`
--
ALTER TABLE `depenses`
  MODIFY `id` int(11) NOT NULL AUTO_INCREMENT, AUTO_INCREMENT=21;

--
-- AUTO_INCREMENT pour la table `dossiers`
--
ALTER TABLE `dossiers`
  MODIFY `id` int(11) NOT NULL AUTO_INCREMENT, AUTO_INCREMENT=14;

--
-- AUTO_INCREMENT pour la table `eleves`
--
ALTER TABLE `eleves`
  MODIFY `id` int(11) NOT NULL AUTO_INCREMENT, AUTO_INCREMENT=159;

--
-- AUTO_INCREMENT pour la table `emploi_du_temps`
--
ALTER TABLE `emploi_du_temps`
  MODIFY `id` int(11) NOT NULL AUTO_INCREMENT, AUTO_INCREMENT=37;

--
-- AUTO_INCREMENT pour la table `enseignants`
--
ALTER TABLE `enseignants`
  MODIFY `id` int(11) NOT NULL AUTO_INCREMENT, AUTO_INCREMENT=2;

--
-- AUTO_INCREMENT pour la table `equipements`
--
ALTER TABLE `equipements`
  MODIFY `id` int(11) NOT NULL AUTO_INCREMENT, AUTO_INCREMENT=3;

--
-- AUTO_INCREMENT pour la table `evenements`
--
ALTER TABLE `evenements`
  MODIFY `id` int(11) NOT NULL AUTO_INCREMENT, AUTO_INCREMENT=4;

--
-- AUTO_INCREMENT pour la table `fichiers`
--
ALTER TABLE `fichiers`
  MODIFY `id` int(11) NOT NULL AUTO_INCREMENT;

--
-- AUTO_INCREMENT pour la table `matieres`
--
ALTER TABLE `matieres`
  MODIFY `id` int(11) NOT NULL AUTO_INCREMENT, AUTO_INCREMENT=50;

--
-- AUTO_INCREMENT pour la table `notes`
--
ALTER TABLE `notes`
  MODIFY `id` int(11) NOT NULL AUTO_INCREMENT, AUTO_INCREMENT=5995;

--
-- AUTO_INCREMENT pour la table `notifications`
--
ALTER TABLE `notifications`
  MODIFY `id` int(11) NOT NULL AUTO_INCREMENT, AUTO_INCREMENT=80;

--
-- AUTO_INCREMENT pour la table `paiements`
--
ALTER TABLE `paiements`
  MODIFY `id` int(11) NOT NULL AUTO_INCREMENT, AUTO_INCREMENT=36;

--
-- AUTO_INCREMENT pour la table `paiements_assignes`
--
ALTER TABLE `paiements_assignes`
  MODIFY `id` int(11) NOT NULL AUTO_INCREMENT, AUTO_INCREMENT=172;

--
-- AUTO_INCREMENT pour la table `parametres`
--
ALTER TABLE `parametres`
  MODIFY `id` int(11) NOT NULL AUTO_INCREMENT, AUTO_INCREMENT=40;

--
-- AUTO_INCREMENT pour la table `permissions`
--
ALTER TABLE `permissions`
  MODIFY `id` int(11) NOT NULL AUTO_INCREMENT, AUTO_INCREMENT=333;

--
-- AUTO_INCREMENT pour la table `personnes`
--
ALTER TABLE `personnes`
  MODIFY `id` int(11) NOT NULL AUTO_INCREMENT, AUTO_INCREMENT=69;

--
-- AUTO_INCREMENT pour la table `presence_personnels`
--
ALTER TABLE `presence_personnels`
  MODIFY `id` int(11) NOT NULL AUTO_INCREMENT, AUTO_INCREMENT=71;

--
-- AUTO_INCREMENT pour la table `presence_staff`
--
ALTER TABLE `presence_staff`
  MODIFY `id` int(11) NOT NULL AUTO_INCREMENT, AUTO_INCREMENT=10;

--
-- AUTO_INCREMENT pour la table `professeurs`
--
ALTER TABLE `professeurs`
  MODIFY `id` int(11) NOT NULL AUTO_INCREMENT, AUTO_INCREMENT=6;

--
-- AUTO_INCREMENT pour la table `reservations_ressources`
--
ALTER TABLE `reservations_ressources`
  MODIFY `id` int(11) NOT NULL AUTO_INCREMENT, AUTO_INCREMENT=8;

--
-- AUTO_INCREMENT pour la table `ressources`
--
ALTER TABLE `ressources`
  MODIFY `id` int(11) NOT NULL AUTO_INCREMENT;

--
-- AUTO_INCREMENT pour la table `retards_personnels`
--
ALTER TABLE `retards_personnels`
  MODIFY `id` int(11) NOT NULL AUTO_INCREMENT;

--
-- AUTO_INCREMENT pour la table `revenus`
--
ALTER TABLE `revenus`
  MODIFY `id` int(11) NOT NULL AUTO_INCREMENT, AUTO_INCREMENT=29;

--
-- AUTO_INCREMENT pour la table `roles`
--
ALTER TABLE `roles`
  MODIFY `id` int(11) NOT NULL AUTO_INCREMENT, AUTO_INCREMENT=6;

--
-- AUTO_INCREMENT pour la table `salles`
--
ALTER TABLE `salles`
  MODIFY `id` int(11) NOT NULL AUTO_INCREMENT, AUTO_INCREMENT=6;

--
-- AUTO_INCREMENT pour la table `staff`
--
ALTER TABLE `staff`
  MODIFY `id` int(11) NOT NULL AUTO_INCREMENT, AUTO_INCREMENT=8;

--
-- AUTO_INCREMENT pour la table `types_paiements`
--
ALTER TABLE `types_paiements`
  MODIFY `id` int(11) NOT NULL AUTO_INCREMENT, AUTO_INCREMENT=19;

--
-- AUTO_INCREMENT pour la table `utilisateurs`
--
ALTER TABLE `utilisateurs`
  MODIFY `id` int(11) NOT NULL AUTO_INCREMENT, AUTO_INCREMENT=9;

--
-- Contraintes pour les tables déchargées
--

--
-- Contraintes pour la table `bulletins`
--
ALTER TABLE `bulletins`
  ADD CONSTRAINT `bulletins_ibfk_1` FOREIGN KEY (`id_eleve`) REFERENCES `eleves` (`id`);

--
-- Contraintes pour la table `classe_matieres`
--
ALTER TABLE `classe_matieres`
  ADD CONSTRAINT `classe_matieres_ibfk_1` FOREIGN KEY (`id_classe`) REFERENCES `classes` (`id`) ON DELETE CASCADE,
  ADD CONSTRAINT `classe_matieres_ibfk_2` FOREIGN KEY (`id_matiere`) REFERENCES `matieres` (`id`) ON DELETE CASCADE;

--
-- Contraintes pour la table `eleves`
--
ALTER TABLE `eleves`
  ADD CONSTRAINT `eleves_ibfk_1` FOREIGN KEY (`id_classe`) REFERENCES `classes` (`id`);

--
-- Contraintes pour la table `emploi_du_temps`
--
ALTER TABLE `emploi_du_temps`
  ADD CONSTRAINT `emploi_du_temps_ibfk_1` FOREIGN KEY (`id_classe`) REFERENCES `classes` (`id`) ON DELETE CASCADE;

--
-- Contraintes pour la table `notes`
--
ALTER TABLE `notes`
  ADD CONSTRAINT `fk_notes_eleve` FOREIGN KEY (`id_eleve`) REFERENCES `eleves` (`id`),
  ADD CONSTRAINT `fk_notes_matiere` FOREIGN KEY (`id_matiere`) REFERENCES `matieres` (`id`),
  ADD CONSTRAINT `notes_ibfk_1` FOREIGN KEY (`id_eleve`) REFERENCES `eleves` (`id`),
  ADD CONSTRAINT `notes_ibfk_2` FOREIGN KEY (`id_matiere`) REFERENCES `matieres` (`id`);

--
-- Contraintes pour la table `paiements_assignes`
--
ALTER TABLE `paiements_assignes`
  ADD CONSTRAINT `paiements_assignes_ibfk_1` FOREIGN KEY (`type_id`) REFERENCES `types_paiements` (`id`),
  ADD CONSTRAINT `paiements_assignes_ibfk_2` FOREIGN KEY (`eleve_id`) REFERENCES `eleves` (`id`);

--
-- Contraintes pour la table `permissions`
--
ALTER TABLE `permissions`
  ADD CONSTRAINT `permissions_ibfk_1` FOREIGN KEY (`utilisateur_id`) REFERENCES `utilisateurs` (`id`);

--
-- Contraintes pour la table `professeurs`
--
ALTER TABLE `professeurs`
  ADD CONSTRAINT `professeurs_ibfk_1` FOREIGN KEY (`matiere_id`) REFERENCES `matieres` (`id`);

--
-- Contraintes pour la table `staff`
--
ALTER TABLE `staff`
  ADD CONSTRAINT `staff_ibfk_1` FOREIGN KEY (`role_id`) REFERENCES `roles` (`id`);
COMMIT;

/*!40101 SET CHARACTER_SET_CLIENT=@OLD_CHARACTER_SET_CLIENT */;
/*!40101 SET CHARACTER_SET_RESULTS=@OLD_CHARACTER_SET_RESULTS */;
/*!40101 SET COLLATION_CONNECTION=@OLD_COLLATION_CONNECTION */;
